,month
0,2015-01-01
1,2015-01-01
2,2015-01-01
3,2015-01-01
4,2015-01-01
5,2015-01-01
6,2015-01-01
7,2015-01-01
8,2015-01-01
9,2015-01-01
10,2015-01-01
11,2015-01-01
12,2015-01-01
13,2015-01-01
14,2015-01-01
15,2015-01-01
16,2015-01-01
17,2015-01-01
18,2015-01-01
19,2015-01-01
20,2015-01-01
21,2015-01-01
22,2015-01-01
23,2015-01-01
24,2015-01-01
25,2015-01-01
26,2015-02-01
27,2015-02-01
28,2015-02-01
29,2015-02-01
30,2015-02-01
31,2015-02-01
32,2015-02-01
33,2015-02-01
34,2015-02-01
35,2015-02-01
36,2015-02-01
37,2015-02-01
38,2015-02-01
39,2015-02-01
40,2015-02-01
41,2015-02-01
42,2015-02-01
43,2015-02-01
44,2015-02-01
45,2015-02-01
46,2015-02-01
47,2015-02-01
48,2015-02-01
49,2015-02-01
50,2015-02-01
51,2015-02-01
52,2015-03-01
53,2015-03-01
54,2015-03-01
55,2015-03-01
56,2015-03-01
57,2015-03-01
58,2015-03-01
59,2015-03-01
60,2015-03-01
61,2015-03-01
62,2015-03-01
63,2015-03-01
64,2015-03-01
65,2015-03-01
66,2015-03-01
67,2015-03-01
68,2015-03-01
69,2015-03-01
70,2015-03-01
71,2015-03-01
72,2015-03-01
73,2015-03-01
74,2015-03-01
75,2015-03-01
76,2015-03-01
77,2015-03-01
78,2015-04-01
79,2015-04-01
80,2015-04-01
81,2015-04-01
82,2015-04-01
83,2015-04-01
84,2015-04-01
85,2015-04-01
86,2015-04-01
87,2015-04-01
88,2015-04-01
89,2015-04-01
90,2015-04-01
91,2015-04-01
92,2015-04-01
93,2015-04-01
94,2015-04-01
95,2015-04-01
96,2015-04-01
97,2015-04-01
98,2015-04-01
99,2015-04-01
100,2015-04-01
101,2015-04-01
102,2015-04-01
103,2015-04-01
104,2015-05-01
105,2015-05-01
106,2015-05-01
107,2015-05-01
108,2015-05-01
109,2015-05-01
110,2015-05-01
111,2015-05-01
112,2015-05-01
113,2015-05-01
114,2015-05-01
115,2015-05-01
116,2015-05-01
117,2015-05-01
118,2015-05-01
119,2015-05-01
120,2015-05-01
121,2015-05-01
122,2015-05-01
123,2015-05-01
124,2015-05-01
125,2015-05-01
126,2015-05-01
127,2015-05-01
128,2015-05-01
129,2015-05-01
130,2015-06-01
131,2015-06-01
132,2015-06-01
133,2015-06-01
134,2015-06-01
135,2015-06-01
136,2015-06-01
137,2015-06-01
138,2015-06-01
139,2015-06-01
140,2015-06-01
141,2015-06-01
142,2015-06-01
143,2015-06-01
144,2015-06-01
145,2015-06-01
146,2015-06-01
147,2015-06-01
148,2015-06-01
149,2015-06-01
150,2015-06-01
151,2015-06-01
152,2015-06-01
153,2015-06-01
154,2015-06-01
155,2015-06-01
156,2015-07-01
157,2015-07-01
158,2015-07-01
159,2015-07-01
160,2015-07-01
161,2015-07-01
162,2015-07-01
163,2015-07-01
164,2015-07-01
165,2015-07-01
166,2015-07-01
167,2015-07-01
168,2015-07-01
169,2015-07-01
170,2015-07-01
171,2015-07-01
172,2015-07-01
173,2015-07-01
174,2015-07-01
175,2015-07-01
176,2015-07-01
177,2015-07-01
178,2015-07-01
179,2015-07-01
180,2015-07-01
181,2015-07-01
182,2015-08-01
183,2015-08-01
184,2015-08-01
185,2015-08-01
186,2015-08-01
187,2015-08-01
188,2015-08-01
189,2015-08-01
190,2015-08-01
191,2015-08-01
192,2015-08-01
193,2015-08-01
194,2015-08-01
195,2015-08-01
196,2015-08-01
197,2015-08-01
198,2015-08-01
199,2015-08-01
200,2015-08-01
201,2015-08-01
202,2015-08-01
203,2015-08-01
204,2015-08-01
205,2015-08-01
206,2015-08-01
207,2015-08-01
208,2015-09-01
209,2015-09-01
210,2015-09-01
211,2015-09-01
212,2015-09-01
213,2015-09-01
214,2015-09-01
215,2015-09-01
216,2015-09-01
217,2015-09-01
218,2015-09-01
219,2015-09-01
220,2015-09-01
221,2015-09-01
222,2015-09-01
223,2015-09-01
224,2015-09-01
225,2015-09-01
226,2015-09-01
227,2015-09-01
228,2015-09-01
229,2015-09-01
230,2015-09-01
231,2015-09-01
232,2015-09-01
233,2015-09-01
234,2015-10-01
235,2015-10-01
236,2015-10-01
237,2015-10-01
238,2015-10-01
239,2015-10-01
240,2015-10-01
241,2015-10-01
242,2015-10-01
243,2015-10-01
244,2015-10-01
245,2015-10-01
246,2015-10-01
247,2015-10-01
248,2015-10-01
249,2015-10-01
250,2015-10-01
251,2015-10-01
252,2015-10-01
253,2015-10-01
254,2015-10-01
255,2015-10-01
256,2015-10-01
257,2015-10-01
258,2015-10-01
259,2015-10-01
260,2015-11-01
261,2015-11-01
262,2015-11-01
263,2015-11-01
264,2015-11-01
265,2015-11-01
266,2015-11-01
267,2015-11-01
268,2015-11-01
269,2015-11-01
270,2015-11-01
271,2015-11-01
272,2015-11-01
273,2015-11-01
274,2015-11-01
275,2015-11-01
276,2015-11-01
277,2015-11-01
278,2015-11-01
279,2015-11-01
280,2015-11-01
281,2015-11-01
282,2015-11-01
283,2015-11-01
284,2015-11-01
285,2015-11-01
286,2015-12-01
287,2015-12-01
288,2015-12-01
289,2015-12-01
290,2015-12-01
291,2015-12-01
292,2015-12-01
293,2015-12-01
294,2015-12-01
295,2015-12-01
296,2015-12-01
297,2015-12-01
298,2015-12-01
299,2015-12-01
300,2015-12-01
301,2015-12-01
302,2015-12-01
303,2015-12-01
304,2015-12-01
305,2015-12-01
306,2015-12-01
307,2015-12-01
308,2015-12-01
309,2015-12-01
310,2015-12-01
311,2015-12-01
312,2016-01-01
313,2016-01-01
314,2016-01-01
315,2016-01-01
316,2016-01-01
317,2016-01-01
318,2016-01-01
319,2016-01-01
320,2016-01-01
321,2016-01-01
322,2016-01-01
323,2016-01-01
324,2016-01-01
325,2016-01-01
326,2016-01-01
327,2016-01-01
328,2016-01-01
329,2016-01-01
330,2016-01-01
331,2016-01-01
332,2016-01-01
333,2016-01-01
334,2016-01-01
335,2016-01-01
336,2016-01-01
337,2016-01-01
338,2016-02-01
339,2016-02-01
340,2016-02-01
341,2016-02-01
342,2016-02-01
343,2016-02-01
344,2016-02-01
345,2016-02-01
346,2016-02-01
347,2016-02-01
348,2016-02-01
349,2016-02-01
350,2016-02-01
351,2016-02-01
352,2016-02-01
353,2016-02-01
354,2016-02-01
355,2016-02-01
356,2016-02-01
357,2016-02-01
358,2016-02-01
359,2016-02-01
360,2016-02-01
361,2016-02-01
362,2016-02-01
363,2016-02-01
364,2016-03-01
365,2016-03-01
366,2016-03-01
367,2016-03-01
368,2016-03-01
369,2016-03-01
370,2016-03-01
371,2016-03-01
372,2016-03-01
373,2016-03-01
374,2016-03-01
375,2016-03-01
376,2016-03-01
377,2016-03-01
378,2016-03-01
379,2016-03-01
380,2016-03-01
381,2016-03-01
382,2016-03-01
383,2016-03-01
384,2016-03-01
385,2016-03-01
386,2016-03-01
387,2016-03-01
388,2016-03-01
389,2016-03-01
390,2016-04-01
391,2016-04-01
392,2016-04-01
393,2016-04-01
394,2016-04-01
395,2016-04-01
396,2016-04-01
397,2016-04-01
398,2016-04-01
399,2016-04-01
400,2016-04-01
401,2016-04-01
402,2016-04-01
403,2016-04-01
404,2016-04-01
405,2016-04-01
406,2016-04-01
407,2016-04-01
408,2016-04-01
409,2016-04-01
410,2016-04-01
411,2016-04-01
412,2016-04-01
413,2016-04-01
414,2016-04-01
415,2016-04-01
416,2016-05-01
417,2016-05-01
418,2016-05-01
419,2016-05-01
420,2016-05-01
421,2016-05-01
422,2016-05-01
423,2016-05-01
424,2016-05-01
425,2016-05-01
426,2016-05-01
427,2016-05-01
428,2016-05-01
429,2016-05-01
430,2016-05-01
431,2016-05-01
432,2016-05-01
433,2016-05-01
434,2016-05-01
435,2016-05-01
436,2016-05-01
437,2016-05-01
438,2016-05-01
439,2016-05-01
440,2016-05-01
441,2016-05-01
442,2016-06-01
443,2016-06-01
444,2016-06-01
445,2016-06-01
446,2016-06-01
447,2016-06-01
448,2016-06-01
449,2016-06-01
450,2016-06-01
451,2016-06-01
452,2016-06-01
453,2016-06-01
454,2016-06-01
455,2016-06-01
456,2016-06-01
457,2016-06-01
458,2016-06-01
459,2016-06-01
460,2016-06-01
461,2016-06-01
462,2016-06-01
463,2016-06-01
464,2016-06-01
465,2016-06-01
466,2016-06-01
467,2016-06-01
468,2016-07-01
469,2016-07-01
470,2016-07-01
471,2016-07-01
472,2016-07-01
473,2016-07-01
474,2016-07-01
475,2016-07-01
476,2016-07-01
477,2016-07-01
478,2016-07-01
479,2016-07-01
480,2016-07-01
481,2016-07-01
482,2016-07-01
483,2016-07-01
484,2016-07-01
485,2016-07-01
486,2016-07-01
487,2016-07-01
488,2016-07-01
489,2016-07-01
490,2016-07-01
491,2016-07-01
492,2016-07-01
493,2016-07-01
494,2016-08-01
495,2016-08-01
496,2016-08-01
497,2016-08-01
498,2016-08-01
499,2016-08-01
500,2016-08-01
501,2016-08-01
502,2016-08-01
503,2016-08-01
504,2016-08-01
505,2016-08-01
506,2016-08-01
507,2016-08-01
508,2016-08-01
509,2016-08-01
510,2016-08-01
511,2016-08-01
512,2016-08-01
513,2016-08-01
514,2016-08-01
515,2016-08-01
516,2016-08-01
517,2016-08-01
518,2016-08-01
519,2016-08-01
520,2016-09-01
521,2016-09-01
522,2016-09-01
523,2016-09-01
524,2016-09-01
525,2016-09-01
526,2016-09-01
527,2016-09-01
528,2016-09-01
529,2016-09-01
530,2016-09-01
531,2016-09-01
532,2016-09-01
533,2016-09-01
534,2016-09-01
535,2016-09-01
536,2016-09-01
537,2016-09-01
538,2016-09-01
539,2016-09-01
540,2016-09-01
541,2016-09-01
542,2016-09-01
543,2016-09-01
544,2016-09-01
545,2016-09-01
546,2016-10-01
547,2016-10-01
548,2016-10-01
549,2016-10-01
550,2016-10-01
551,2016-10-01
552,2016-10-01
553,2016-10-01
554,2016-10-01
555,2016-10-01
556,2016-10-01
557,2016-10-01
558,2016-10-01
559,2016-10-01
560,2016-10-01
561,2016-10-01
562,2016-10-01
563,2016-10-01
564,2016-10-01
565,2016-10-01
566,2016-10-01
567,2016-10-01
568,2016-10-01
569,2016-10-01
570,2016-10-01
571,2016-10-01
572,2016-11-01
573,2016-11-01
574,2016-11-01
575,2016-11-01
576,2016-11-01
577,2016-11-01
578,2016-11-01
579,2016-11-01
580,2016-11-01
581,2016-11-01
582,2016-11-01
583,2016-11-01
584,2016-11-01
585,2016-11-01
586,2016-11-01
587,2016-11-01
588,2016-11-01
589,2016-11-01
590,2016-11-01
591,2016-11-01
592,2016-11-01
593,2016-11-01
594,2016-11-01
595,2016-11-01
596,2016-11-01
597,2016-11-01
598,2016-12-01
599,2016-12-01
600,2016-12-01
601,2016-12-01
602,2016-12-01
603,2016-12-01
604,2016-12-01
605,2016-12-01
606,2016-12-01
607,2016-12-01
608,2016-12-01
609,2016-12-01
610,2016-12-01
611,2016-12-01
612,2016-12-01
613,2016-12-01
614,2016-12-01
615,2016-12-01
616,2016-12-01
617,2016-12-01
618,2016-12-01
619,2016-12-01
620,2016-12-01
621,2016-12-01
622,2016-12-01
623,2016-12-01
624,2017-01-01
625,2017-01-01
626,2017-01-01
627,2017-01-01
628,2017-01-01
629,2017-01-01
630,2017-01-01
631,2017-01-01
632,2017-01-01
633,2017-01-01
634,2017-01-01
635,2017-01-01
636,2017-01-01
637,2017-01-01
638,2017-01-01
639,2017-01-01
640,2017-01-01
641,2017-01-01
642,2017-01-01
643,2017-01-01
644,2017-01-01
645,2017-01-01
646,2017-01-01
647,2017-01-01
648,2017-01-01
649,2017-01-01
650,2017-02-01
651,2017-02-01
652,2017-02-01
653,2017-02-01
654,2017-02-01
655,2017-02-01
656,2017-02-01
657,2017-02-01
658,2017-02-01
659,2017-02-01
660,2017-02-01
661,2017-02-01
662,2017-02-01
663,2017-02-01
664,2017-02-01
665,2017-02-01
666,2017-02-01
667,2017-02-01
668,2017-02-01
669,2017-02-01
670,2017-02-01
671,2017-02-01
672,2017-02-01
673,2017-02-01
674,2017-02-01
675,2017-02-01
676,2017-03-01
677,2017-03-01
678,2017-03-01
679,2017-03-01
680,2017-03-01
681,2017-03-01
682,2017-03-01
683,2017-03-01
684,2017-03-01
685,2017-03-01
686,2017-03-01
687,2017-03-01
688,2017-03-01
689,2017-03-01
690,2017-03-01
691,2017-03-01
692,2017-03-01
693,2017-03-01
694,2017-03-01
695,2017-03-01
696,2017-03-01
697,2017-03-01
698,2017-03-01
699,2017-03-01
700,2017-03-01
701,2017-03-01
702,2017-04-01
703,2017-04-01
704,2017-04-01
705,2017-04-01
706,2017-04-01
707,2017-04-01
708,2017-04-01
709,2017-04-01
710,2017-04-01
711,2017-04-01
712,2017-04-01
713,2017-04-01
714,2017-04-01
715,2017-04-01
716,2017-04-01
717,2017-04-01
718,2017-04-01
719,2017-04-01
720,2017-04-01
721,2017-04-01
722,2017-04-01
723,2017-04-01
724,2017-04-01
725,2017-04-01
726,2017-04-01
727,2017-04-01
728,2017-05-01
729,2017-05-01
730,2017-05-01
731,2017-05-01
732,2017-05-01
733,2017-05-01
734,2017-05-01
735,2017-05-01
736,2017-05-01
737,2017-05-01
738,2017-05-01
739,2017-05-01
740,2017-05-01
741,2017-05-01
742,2017-05-01
743,2017-05-01
744,2017-05-01
745,2017-05-01
746,2017-05-01
747,2017-05-01
748,2017-05-01
749,2017-05-01
750,2017-05-01
751,2017-05-01
752,2017-05-01
753,2017-05-01
754,2017-06-01
755,2017-06-01
756,2017-06-01
757,2017-06-01
758,2017-06-01
759,2017-06-01
760,2017-06-01
761,2017-06-01
762,2017-06-01
763,2017-06-01
764,2017-06-01
765,2017-06-01
766,2017-06-01
767,2017-06-01
768,2017-06-01
769,2017-06-01
770,2017-06-01
771,2017-06-01
772,2017-06-01
773,2017-06-01
774,2017-06-01
775,2017-06-01
776,2017-06-01
777,2017-06-01
778,2017-06-01
779,2017-06-01
780,2017-07-01
781,2017-07-01
782,2017-07-01
783,2017-07-01
784,2017-07-01
785,2017-07-01
786,2017-07-01
787,2017-07-01
788,2017-07-01
789,2017-07-01
790,2017-07-01
791,2017-07-01
792,2017-07-01
793,2017-07-01
794,2017-07-01
795,2017-07-01
796,2017-07-01
797,2017-07-01
798,2017-07-01
799,2017-07-01
800,2017-07-01
801,2017-07-01
802,2017-07-01
803,2017-07-01
804,2017-07-01
805,2017-07-01
806,2017-08-01
807,2017-08-01
808,2017-08-01
809,2017-08-01
810,2017-08-01
811,2017-08-01
812,2017-08-01
813,2017-08-01
814,2017-08-01
815,2017-08-01
816,2017-08-01
817,2017-08-01
818,2017-08-01
819,2017-08-01
820,2017-08-01
821,2017-08-01
822,2017-08-01
823,2017-08-01
824,2017-08-01
825,2017-08-01
826,2017-08-01
827,2017-08-01
828,2017-08-01
829,2017-08-01
830,2017-08-01
831,2017-08-01
832,2017-09-01
833,2017-09-01
834,2017-09-01
835,2017-09-01
836,2017-09-01
837,2017-09-01
838,2017-09-01
839,2017-09-01
840,2017-09-01
841,2017-09-01
842,2017-09-01
843,2017-09-01
844,2017-09-01
845,2017-09-01
846,2017-09-01
847,2017-09-01
848,2017-09-01
849,2017-09-01
850,2017-09-01
851,2017-09-01
852,2017-09-01
853,2017-09-01
854,2017-09-01
855,2017-09-01
856,2017-09-01
857,2017-09-01
858,2017-10-01
859,2017-10-01
860,2017-10-01
861,2017-10-01
862,2017-10-01
863,2017-10-01
864,2017-10-01
865,2017-10-01
866,2017-10-01
867,2017-10-01
868,2017-10-01
869,2017-10-01
870,2017-10-01
871,2017-10-01
872,2017-10-01
873,2017-10-01
874,2017-10-01
875,2017-10-01
876,2017-10-01
877,2017-10-01
878,2017-10-01
879,2017-10-01
880,2017-10-01
881,2017-10-01
882,2017-10-01
883,2017-10-01
884,2017-11-01
885,2017-11-01
886,2017-11-01
887,2017-11-01
888,2017-11-01
889,2017-11-01
890,2017-11-01
891,2017-11-01
892,2017-11-01
893,2017-11-01
894,2017-11-01
895,2017-11-01
896,2017-11-01
897,2017-11-01
898,2017-11-01
899,2017-11-01
900,2017-11-01
901,2017-11-01
902,2017-11-01
903,2017-11-01
904,2017-11-01
905,2017-11-01
906,2017-11-01
907,2017-11-01
908,2017-11-01
909,2017-11-01
910,2017-12-01
911,2017-12-01
912,2017-12-01
913,2017-12-01
914,2017-12-01
915,2017-12-01
916,2017-12-01
917,2017-12-01
918,2017-12-01
919,2017-12-01
920,2017-12-01
921,2017-12-01
922,2017-12-01
923,2017-12-01
924,2017-12-01
925,2017-12-01
926,2017-12-01
927,2017-12-01
928,2017-12-01
929,2017-12-01
930,2017-12-01
931,2017-12-01
932,2017-12-01
933,2017-12-01
934,2017-12-01
935,2017-12-01
936,2018-01-01
937,2018-01-01
938,2018-01-01
939,2018-01-01
940,2018-01-01
941,2018-01-01
942,2018-01-01
943,2018-01-01
944,2018-01-01
945,2018-01-01
946,2018-01-01
947,2018-01-01
948,2018-01-01
949,2018-01-01
950,2018-01-01
951,2018-01-01
952,2018-01-01
953,2018-01-01
954,2018-01-01
955,2018-01-01
956,2018-01-01
957,2018-01-01
958,2018-01-01
959,2018-01-01
960,2018-01-01
961,2018-01-01
962,2018-02-01
963,2018-02-01
964,2018-02-01
965,2018-02-01
966,2018-02-01
967,2018-02-01
968,2018-02-01
969,2018-02-01
970,2018-02-01
971,2018-02-01
972,2018-02-01
973,2018-02-01
974,2018-02-01
975,2018-02-01
976,2018-02-01
977,2018-02-01
978,2018-02-01
979,2018-02-01
980,2018-02-01
981,2018-02-01
982,2018-02-01
983,2018-02-01
984,2018-02-01
985,2018-02-01
986,2018-02-01
987,2018-02-01
988,2018-03-01
989,2018-03-01
990,2018-03-01
991,2018-03-01
992,2018-03-01
993,2018-03-01
994,2018-03-01
995,2018-03-01
996,2018-03-01
997,2018-03-01
998,2018-03-01
999,2018-03-01
1000,2018-03-01
1001,2018-03-01
1002,2018-03-01
1003,2018-03-01
1004,2018-03-01
1005,2018-03-01
1006,2018-03-01
1007,2018-03-01
1008,2018-03-01
1009,2018-03-01
1010,2018-03-01
1011,2018-03-01
1012,2018-03-01
1013,2018-03-01
1014,2018-04-01
1015,2018-04-01
1016,2018-04-01
1017,2018-04-01
1018,2018-04-01
1019,2018-04-01
1020,2018-04-01
1021,2018-04-01
1022,2018-04-01
1023,2018-04-01
1024,2018-04-01
1025,2018-04-01
1026,2018-04-01
1027,2018-04-01
1028,2018-04-01
1029,2018-04-01
1030,2018-04-01
1031,2018-04-01
1032,2018-04-01
1033,2018-04-01
1034,2018-04-01
1035,2018-04-01
1036,2018-04-01
1037,2018-04-01
1038,2018-04-01
1039,2018-04-01
1040,2018-05-01
1041,2018-05-01
1042,2018-05-01
1043,2018-05-01
1044,2018-05-01
1045,2018-05-01
1046,2018-05-01
1047,2018-05-01
1048,2018-05-01
1049,2018-05-01
1050,2018-05-01
1051,2018-05-01
1052,2018-05-01
1053,2018-05-01
1054,2018-05-01
1055,2018-05-01
1056,2018-05-01
1057,2018-05-01
1058,2018-05-01
1059,2018-05-01
1060,2018-05-01
1061,2018-05-01
1062,2018-05-01
1063,2018-05-01
1064,2018-05-01
1065,2018-05-01
1066,2018-06-01
1067,2018-06-01
1068,2018-06-01
1069,2018-06-01
1070,2018-06-01
1071,2018-06-01
1072,2018-06-01
1073,2018-06-01
1074,2018-06-01
1075,2018-06-01
1076,2018-06-01
1077,2018-06-01
1078,2018-06-01
1079,2018-06-01
1080,2018-06-01
1081,2018-06-01
1082,2018-06-01
1083,2018-06-01
1084,2018-06-01
1085,2018-06-01
1086,2018-06-01
1087,2018-06-01
1088,2018-06-01
1089,2018-06-01
1090,2018-06-01
1091,2018-06-01
1092,2018-07-01
1093,2018-07-01
1094,2018-07-01
1095,2018-07-01
1096,2018-07-01
1097,2018-07-01
1098,2018-07-01
1099,2018-07-01
1100,2018-07-01
1101,2018-07-01
1102,2018-07-01
1103,2018-07-01
1104,2018-07-01
1105,2018-07-01
1106,2018-07-01
1107,2018-07-01
1108,2018-07-01
1109,2018-07-01
1110,2018-07-01
1111,2018-07-01
1112,2018-07-01
1113,2018-07-01
1114,2018-07-01
1115,2018-07-01
1116,2018-07-01
1117,2018-07-01
1118,2018-08-01
1119,2018-08-01
1120,2018-08-01
1121,2018-08-01
1122,2018-08-01
1123,2018-08-01
1124,2018-08-01
1125,2018-08-01
1126,2018-08-01
1127,2018-08-01
1128,2018-08-01
1129,2018-08-01
1130,2018-08-01
1131,2018-08-01
1132,2018-08-01
1133,2018-08-01
1134,2018-08-01
1135,2018-08-01
1136,2018-08-01
1137,2018-08-01
1138,2018-08-01
1139,2018-08-01
1140,2018-08-01
1141,2018-08-01
1142,2018-08-01
1143,2018-08-01
1144,2018-09-01
1145,2018-09-01
1146,2018-09-01
1147,2018-09-01
1148,2018-09-01
1149,2018-09-01
1150,2018-09-01
1151,2018-09-01
1152,2018-09-01
1153,2018-09-01
1154,2018-09-01
1155,2018-09-01
1156,2018-09-01
1157,2018-09-01
1158,2018-09-01
1159,2018-09-01
1160,2018-09-01
1161,2018-09-01
1162,2018-09-01
1163,2018-09-01
1164,2018-09-01
1165,2018-09-01
1166,2018-09-01
1167,2018-09-01
1168,2018-09-01
1169,2018-09-01
1170,2018-10-01
1171,2018-10-01
1172,2018-10-01
1173,2018-10-01
1174,2018-10-01
1175,2018-10-01
1176,2018-10-01
1177,2018-10-01
1178,2018-10-01
1179,2018-10-01
1180,2018-10-01
1181,2018-10-01
1182,2018-10-01
1183,2018-10-01
1184,2018-10-01
1185,2018-10-01
1186,2018-10-01
1187,2018-10-01
1188,2018-10-01
1189,2018-10-01
1190,2018-10-01
1191,2018-10-01
1192,2018-10-01
1193,2018-10-01
1194,2018-10-01
1195,2018-10-01
1196,2018-11-01
1197,2018-11-01
1198,2018-11-01
1199,2018-11-01
1200,2018-11-01
1201,2018-11-01
1202,2018-11-01
1203,2018-11-01
1204,2018-11-01
1205,2018-11-01
1206,2018-11-01
1207,2018-11-01
1208,2018-11-01
1209,2018-11-01
1210,2018-11-01
1211,2018-11-01
1212,2018-11-01
1213,2018-11-01
1214,2018-11-01
1215,2018-11-01
1216,2018-11-01
1217,2018-11-01
1218,2018-11-01
1219,2018-11-01
1220,2018-11-01
1221,2018-11-01
1222,2018-12-01
1223,2018-12-01
1224,2018-12-01
1225,2018-12-01
1226,2018-12-01
1227,2018-12-01
1228,2018-12-01
1229,2018-12-01
1230,2018-12-01
1231,2018-12-01
1232,2018-12-01
1233,2018-12-01
1234,2018-12-01
1235,2018-12-01
1236,2018-12-01
1237,2018-12-01
1238,2018-12-01
1239,2018-12-01
1240,2018-12-01
1241,2018-12-01
1242,2018-12-01
1243,2018-12-01
1244,2018-12-01
1245,2018-12-01
1246,2018-12-01
1247,2018-12-01
1248,2019-01-01
1249,2019-01-01
1250,2019-01-01
1251,2019-01-01
1252,2019-01-01
1253,2019-01-01
1254,2019-01-01
1255,2019-01-01
1256,2019-01-01
1257,2019-01-01
1258,2019-01-01
1259,2019-01-01
1260,2019-01-01
1261,2019-01-01
1262,2019-01-01
1263,2019-01-01
1264,2019-01-01
1265,2019-01-01
1266,2019-01-01
1267,2019-01-01
1268,2019-01-01
1269,2019-01-01
1270,2019-01-01
1271,2019-01-01
1272,2019-01-01
1273,2019-01-01
1274,2019-02-01
1275,2019-02-01
1276,2019-02-01
1277,2019-02-01
1278,2019-02-01
1279,2019-02-01
1280,2019-02-01
1281,2019-02-01
1282,2019-02-01
1283,2019-02-01
1284,2019-02-01
1285,2019-02-01
1286,2019-02-01
1287,2019-02-01
1288,2019-02-01
1289,2019-02-01
1290,2019-02-01
1291,2019-02-01
1292,2019-02-01
1293,2019-02-01
1294,2019-02-01
1295,2019-02-01
1296,2019-02-01
1297,2019-02-01
1298,2019-02-01
1299,2019-02-01
1300,2019-03-01
1301,2019-03-01
1302,2019-03-01
1303,2019-03-01
1304,2019-03-01
1305,2019-03-01
1306,2019-03-01
1307,2019-03-01
1308,2019-03-01
1309,2019-03-01
1310,2019-03-01
1311,2019-03-01
1312,2019-03-01
1313,2019-03-01
1314,2019-03-01
1315,2019-03-01
1316,2019-03-01
1317,2019-03-01
1318,2019-03-01
1319,2019-03-01
1320,2019-03-01
1321,2019-03-01
1322,2019-03-01
1323,2019-03-01
1324,2019-03-01
1325,2019-03-01
1326,2019-04-01
1327,2019-04-01
1328,2019-04-01
1329,2019-04-01
1330,2019-04-01
1331,2019-04-01
1332,2019-04-01
1333,2019-04-01
1334,2019-04-01
1335,2019-04-01
1336,2019-04-01
1337,2019-04-01
1338,2019-04-01
1339,2019-04-01
1340,2019-04-01
1341,2019-04-01
1342,2019-04-01
1343,2019-04-01
1344,2019-04-01
1345,2019-04-01
1346,2019-04-01
1347,2019-04-01
1348,2019-04-01
1349,2019-04-01
1350,2019-04-01
1351,2019-04-01
1352,2019-05-01
1353,2019-05-01
1354,2019-05-01
1355,2019-05-01
1356,2019-05-01
1357,2019-05-01
1358,2019-05-01
1359,2019-05-01
1360,2019-05-01
1361,2019-05-01
1362,2019-05-01
1363,2019-05-01
1364,2019-05-01
1365,2019-05-01
1366,2019-05-01
1367,2019-05-01
1368,2019-05-01
1369,2019-05-01
1370,2019-05-01
1371,2019-05-01
1372,2019-05-01
1373,2019-05-01
1374,2019-05-01
1375,2019-05-01
1376,2019-05-01
1377,2019-05-01
1378,2019-06-01
1379,2019-06-01
1380,2019-06-01
1381,2019-06-01
1382,2019-06-01
1383,2019-06-01
1384,2019-06-01
1385,2019-06-01
1386,2019-06-01
1387,2019-06-01
1388,2019-06-01
1389,2019-06-01
1390,2019-06-01
1391,2019-06-01
1392,2019-06-01
1393,2019-06-01
1394,2019-06-01
1395,2019-06-01
1396,2019-06-01
1397,2019-06-01
1398,2019-06-01
1399,2019-06-01
1400,2019-06-01
1401,2019-06-01
1402,2019-06-01
1403,2019-06-01
1404,2019-07-01
1405,2019-07-01
1406,2019-07-01
1407,2019-07-01
1408,2019-07-01
1409,2019-07-01
1410,2019-07-01
1411,2019-07-01
1412,2019-07-01
1413,2019-07-01
1414,2019-07-01
1415,2019-07-01
1416,2019-07-01
1417,2019-07-01
1418,2019-07-01
1419,2019-07-01
1420,2019-07-01
1421,2019-07-01
1422,2019-07-01
1423,2019-07-01
1424,2019-07-01
1425,2019-07-01
1426,2019-07-01
1427,2019-07-01
1428,2019-07-01
1429,2019-07-01
1430,2019-08-01
1431,2019-08-01
1432,2019-08-01
1433,2019-08-01
1434,2019-08-01
1435,2019-08-01
1436,2019-08-01
1437,2019-08-01
1438,2019-08-01
1439,2019-08-01
1440,2019-08-01
1441,2019-08-01
1442,2019-08-01
1443,2019-08-01
1444,2019-08-01
1445,2019-08-01
1446,2019-08-01
1447,2019-08-01
1448,2019-08-01
1449,2019-08-01
1450,2019-08-01
1451,2019-08-01
1452,2019-08-01
1453,2019-08-01
1454,2019-08-01
1455,2019-08-01
1456,2019-09-01
1457,2019-09-01
1458,2019-09-01
1459,2019-09-01
1460,2019-09-01
1461,2019-09-01
1462,2019-09-01
1463,2019-09-01
1464,2019-09-01
1465,2019-09-01
1466,2019-09-01
1467,2019-09-01
1468,2019-09-01
1469,2019-09-01
1470,2019-09-01
1471,2019-09-01
1472,2019-09-01
1473,2019-09-01
1474,2019-09-01
1475,2019-09-01
1476,2019-09-01
1477,2019-09-01
1478,2019-09-01
1479,2019-09-01
1480,2019-09-01
1481,2019-09-01
1482,2019-10-01
1483,2019-10-01
1484,2019-10-01
1485,2019-10-01
1486,2019-10-01
1487,2019-10-01
1488,2019-10-01
1489,2019-10-01
1490,2019-10-01
1491,2019-10-01
1492,2019-10-01
1493,2019-10-01
1494,2019-10-01
1495,2019-10-01
1496,2019-10-01
1497,2019-10-01
1498,2019-10-01
1499,2019-10-01
1500,2019-10-01
1501,2019-10-01
1502,2019-10-01
1503,2019-10-01
1504,2019-10-01
1505,2019-10-01
1506,2019-10-01
1507,2019-10-01
1508,2019-11-01
1509,2019-11-01
1510,2019-11-01
1511,2019-11-01
1512,2019-11-01
1513,2019-11-01
1514,2019-11-01
1515,2019-11-01
1516,2019-11-01
1517,2019-11-01
1518,2019-11-01
1519,2019-11-01
1520,2019-11-01
1521,2019-11-01
1522,2019-11-01
1523,2019-11-01
1524,2019-11-01
1525,2019-11-01
1526,2019-11-01
1527,2019-11-01
1528,2019-11-01
1529,2019-11-01
1530,2019-11-01
1531,2019-11-01
1532,2019-11-01
1533,2019-11-01
1534,2019-12-01
1535,2019-12-01
1536,2019-12-01
1537,2019-12-01
1538,2019-12-01
1539,2019-12-01
1540,2019-12-01
1541,2019-12-01
1542,2019-12-01
1543,2019-12-01
1544,2019-12-01
1545,2019-12-01
1546,2019-12-01
1547,2019-12-01
1548,2019-12-01
1549,2019-12-01
1550,2019-12-01
1551,2019-12-01
1552,2019-12-01
1553,2019-12-01
1554,2019-12-01
1555,2019-12-01
1556,2019-12-01
1557,2019-12-01
1558,2019-12-01
1559,2019-12-01
1560,2020-01-01
1561,2020-01-01
1562,2020-01-01
1563,2020-01-01
1564,2020-01-01
1565,2020-01-01
1566,2020-01-01
1567,2020-01-01
1568,2020-01-01
1569,2020-01-01
1570,2020-01-01
1571,2020-01-01
1572,2020-01-01
1573,2020-01-01
1574,2020-01-01
1575,2020-01-01
1576,2020-01-01
1577,2020-01-01
1578,2020-01-01
1579,2020-01-01
1580,2020-01-01
1581,2020-01-01
1582,2020-01-01
1583,2020-01-01
1584,2020-01-01
1585,2020-01-01
1586,2020-02-01
1587,2020-02-01
1588,2020-02-01
1589,2020-02-01
1590,2020-02-01
1591,2020-02-01
1592,2020-02-01
1593,2020-02-01
1594,2020-02-01
1595,2020-02-01
1596,2020-02-01
1597,2020-02-01
1598,2020-02-01
1599,2020-02-01
1600,2020-02-01
1601,2020-02-01
1602,2020-02-01
1603,2020-02-01
1604,2020-02-01
1605,2020-02-01
1606,2020-02-01
1607,2020-02-01
1608,2020-02-01
1609,2020-02-01
1610,2020-02-01
1611,2020-02-01
1612,2020-03-01
1613,2020-03-01
1614,2020-03-01
1615,2020-03-01
1616,2020-03-01
1617,2020-03-01
1618,2020-03-01
1619,2020-03-01
1620,2020-03-01
1621,2020-03-01
1622,2020-03-01
1623,2020-03-01
1624,2020-03-01
1625,2020-03-01
1626,2020-03-01
1627,2020-03-01
1628,2020-03-01
1629,2020-03-01
1630,2020-03-01
1631,2020-03-01
1632,2020-03-01
1633,2020-03-01
1634,2020-03-01
1635,2020-03-01
1636,2020-03-01
1637,2020-03-01
1638,2020-04-01
1639,2020-04-01
1640,2020-04-01
1641,2020-04-01
1642,2020-04-01
1643,2020-04-01
1644,2020-04-01
1645,2020-04-01
1646,2020-04-01
1647,2020-04-01
1648,2020-04-01
1649,2020-04-01
1650,2020-04-01
1651,2020-04-01
1652,2020-04-01
1653,2020-04-01
1654,2020-04-01
1655,2020-04-01
1656,2020-04-01
1657,2020-04-01
1658,2020-04-01
1659,2020-04-01
1660,2020-04-01
1661,2020-04-01
1662,2020-04-01
1663,2020-04-01
1664,2020-05-01
1665,2020-05-01
1666,2020-05-01
1667,2020-05-01
1668,2020-05-01
1669,2020-05-01
1670,2020-05-01
1671,2020-05-01
1672,2020-05-01
1673,2020-05-01
1674,2020-05-01
1675,2020-05-01
1676,2020-05-01
1677,2020-05-01
1678,2020-05-01
1679,2020-05-01
1680,2020-05-01
1681,2020-05-01
1682,2020-05-01
1683,2020-05-01
1684,2020-05-01
1685,2020-05-01
1686,2020-05-01
1687,2020-05-01
1688,2020-05-01
1689,2020-05-01
1690,2020-06-01
1691,2020-06-01
1692,2020-06-01
1693,2020-06-01
1694,2020-06-01
1695,2020-06-01
1696,2020-06-01
1697,2020-06-01
1698,2020-06-01
1699,2020-06-01
1700,2020-06-01
1701,2020-06-01
1702,2020-06-01
1703,2020-06-01
1704,2020-06-01
1705,2020-06-01
1706,2020-06-01
1707,2020-06-01
1708,2020-06-01
1709,2020-06-01
1710,2020-06-01
1711,2020-06-01
1712,2020-06-01
1713,2020-06-01
1714,2020-06-01
1715,2020-06-01
1716,2020-07-01
1717,2020-07-01
1718,2020-07-01
1719,2020-07-01
1720,2020-07-01
1721,2020-07-01
1722,2020-07-01
1723,2020-07-01
1724,2020-07-01
1725,2020-07-01
1726,2020-07-01
1727,2020-07-01
1728,2020-07-01
1729,2020-07-01
1730,2020-07-01
1731,2020-07-01
1732,2020-07-01
1733,2020-07-01
1734,2020-07-01
1735,2020-07-01
1736,2020-07-01
1737,2020-07-01
1738,2020-07-01
1739,2020-07-01
1740,2020-07-01
1741,2020-07-01
1742,2020-08-01
1743,2020-08-01
1744,2020-08-01
1745,2020-08-01
1746,2020-08-01
1747,2020-08-01
1748,2020-08-01
1749,2020-08-01
1750,2020-08-01
1751,2020-08-01
1752,2020-08-01
1753,2020-08-01
1754,2020-08-01
1755,2020-08-01
1756,2020-08-01
1757,2020-08-01
1758,2020-08-01
1759,2020-08-01
1760,2020-08-01
1761,2020-08-01
1762,2020-08-01
1763,2020-08-01
1764,2020-08-01
1765,2020-08-01
1766,2020-08-01
1767,2020-08-01
1768,2020-09-01
1769,2020-09-01
1770,2020-09-01
1771,2020-09-01
1772,2020-09-01
1773,2020-09-01
1774,2020-09-01
1775,2020-09-01
1776,2020-09-01
1777,2020-09-01
1778,2020-09-01
1779,2020-09-01
1780,2020-09-01
1781,2020-09-01
1782,2020-09-01
1783,2020-09-01
1784,2020-09-01
1785,2020-09-01
1786,2020-09-01
1787,2020-09-01
1788,2020-09-01
1789,2020-09-01
1790,2020-09-01
1791,2020-09-01
1792,2020-09-01
1793,2020-09-01
1794,2020-10-01
1795,2020-10-01
1796,2020-10-01
1797,2020-10-01
1798,2020-10-01
1799,2020-10-01
1800,2020-10-01
1801,2020-10-01
1802,2020-10-01
1803,2020-10-01
1804,2020-10-01
1805,2020-10-01
1806,2020-10-01
1807,2020-10-01
1808,2020-10-01
1809,2020-10-01
1810,2020-10-01
1811,2020-10-01
1812,2020-10-01
1813,2020-10-01
1814,2020-10-01
1815,2020-10-01
1816,2020-10-01
1817,2020-10-01
1818,2020-10-01
1819,2020-10-01
1820,2020-11-01
1821,2020-11-01
1822,2020-11-01
1823,2020-11-01
1824,2020-11-01
1825,2020-11-01
1826,2020-11-01
1827,2020-11-01
1828,2020-11-01
1829,2020-11-01
1830,2020-11-01
1831,2020-11-01
1832,2020-11-01
1833,2020-11-01
1834,2020-11-01
1835,2020-11-01
1836,2020-11-01
1837,2020-11-01
1838,2020-11-01
1839,2020-11-01
1840,2020-11-01
1841,2020-11-01
1842,2020-11-01
1843,2020-11-01
1844,2020-11-01
1845,2020-11-01
1846,2020-12-01
1847,2020-12-01
1848,2020-12-01
1849,2020-12-01
1850,2020-12-01
1851,2020-12-01
1852,2020-12-01
1853,2020-12-01
1854,2020-12-01
1855,2020-12-01
1856,2020-12-01
1857,2020-12-01
1858,2020-12-01
1859,2020-12-01
1860,2020-12-01
1861,2020-12-01
1862,2020-12-01
1863,2020-12-01
1864,2020-12-01
1865,2020-12-01
1866,2020-12-01
1867,2020-12-01
1868,2020-12-01
1869,2020-12-01
1870,2020-12-01
1871,2020-12-01
1872,2021-01-01
1873,2021-01-01
1874,2021-01-01
1875,2021-01-01
1876,2021-01-01
1877,2021-01-01
1878,2021-01-01
1879,2021-01-01
1880,2021-01-01
1881,2021-01-01
1882,2021-01-01
1883,2021-01-01
1884,2021-01-01
1885,2021-01-01
1886,2021-01-01
1887,2021-01-01
1888,2021-01-01
1889,2021-01-01
1890,2021-01-01
1891,2021-01-01
1892,2021-01-01
1893,2021-01-01
1894,2021-01-01
1895,2021-01-01
1896,2021-01-01
1897,2021-01-01
1898,2021-02-01
1899,2021-02-01
1900,2021-02-01
1901,2021-02-01
1902,2021-02-01
1903,2021-02-01
1904,2021-02-01
1905,2021-02-01
1906,2021-02-01
1907,2021-02-01
1908,2021-02-01
1909,2021-02-01
1910,2021-02-01
1911,2021-02-01
1912,2021-02-01
1913,2021-02-01
1914,2021-02-01
1915,2021-02-01
1916,2021-02-01
1917,2021-02-01
1918,2021-02-01
1919,2021-02-01
1920,2021-02-01
1921,2021-02-01
1922,2021-02-01
1923,2021-02-01
1924,2021-03-01
1925,2021-03-01
1926,2021-03-01
1927,2021-03-01
1928,2021-03-01
1929,2021-03-01
1930,2021-03-01
1931,2021-03-01
1932,2021-03-01
1933,2021-03-01
1934,2021-03-01
1935,2021-03-01
1936,2021-03-01
1937,2021-03-01
1938,2021-03-01
1939,2021-03-01
1940,2021-03-01
1941,2021-03-01
1942,2021-03-01
1943,2021-03-01
1944,2021-03-01
1945,2021-03-01
1946,2021-03-01
1947,2021-03-01
1948,2021-03-01
1949,2021-03-01
1950,2021-04-01
1951,2021-04-01
1952,2021-04-01
1953,2021-04-01
1954,2021-04-01
1955,2021-04-01
1956,2021-04-01
1957,2021-04-01
1958,2021-04-01
1959,2021-04-01
1960,2021-04-01
1961,2021-04-01
1962,2021-04-01
1963,2021-04-01
1964,2021-04-01
1965,2021-04-01
1966,2021-04-01
1967,2021-04-01
1968,2021-04-01
1969,2021-04-01
1970,2021-04-01
1971,2021-04-01
1972,2021-04-01
1973,2021-04-01
1974,2021-04-01
1975,2021-04-01
1976,2021-05-01
1977,2021-05-01
1978,2021-05-01
1979,2021-05-01
1980,2021-05-01
1981,2021-05-01
1982,2021-05-01
1983,2021-05-01
1984,2021-05-01
1985,2021-05-01
1986,2021-05-01
1987,2021-05-01
1988,2021-05-01
1989,2021-05-01
1990,2021-05-01
1991,2021-05-01
1992,2021-05-01
1993,2021-05-01
1994,2021-05-01
1995,2021-05-01
1996,2021-05-01
1997,2021-05-01
1998,2021-05-01
1999,2021-05-01
2000,2021-05-01
2001,2021-05-01
2002,2021-06-01
2003,2021-06-01
2004,2021-06-01
2005,2021-06-01
2006,2021-06-01
2007,2021-06-01
2008,2021-06-01
2009,2021-06-01
2010,2021-06-01
2011,2021-06-01
2012,2021-06-01
2013,2021-06-01
2014,2021-06-01
2015,2021-06-01
2016,2021-06-01
2017,2021-06-01
2018,2021-06-01
2019,2021-06-01
2020,2021-06-01
2021,2021-06-01
2022,2021-06-01
2023,2021-06-01
2024,2021-06-01
2025,2021-06-01
2026,2021-06-01
2027,2021-06-01
2028,2021-07-01
2029,2021-07-01
2030,2021-07-01
2031,2021-07-01
2032,2021-07-01
2033,2021-07-01
2034,2021-07-01
2035,2021-07-01
2036,2021-07-01
2037,2021-07-01
2038,2021-07-01
2039,2021-07-01
2040,2021-07-01
2041,2021-07-01
2042,2021-07-01
2043,2021-07-01
2044,2021-07-01
2045,2021-07-01
2046,2021-07-01
2047,2021-07-01
2048,2021-07-01
2049,2021-07-01
2050,2021-07-01
2051,2021-07-01
2052,2021-07-01
2053,2021-07-01
2054,2021-08-01
2055,2021-08-01
2056,2021-08-01
2057,2021-08-01
2058,2021-08-01
2059,2021-08-01
2060,2021-08-01
2061,2021-08-01
2062,2021-08-01
2063,2021-08-01
2064,2021-08-01
2065,2021-08-01
2066,2021-08-01
2067,2021-08-01
2068,2021-08-01
2069,2021-08-01
2070,2021-08-01
2071,2021-08-01
2072,2021-08-01
2073,2021-08-01
2074,2021-08-01
2075,2021-08-01
2076,2021-08-01
2077,2021-08-01
2078,2021-08-01
2079,2021-08-01
2080,2021-09-01
2081,2021-09-01
2082,2021-09-01
2083,2021-09-01
2084,2021-09-01
2085,2021-09-01
2086,2021-09-01
2087,2021-09-01
2088,2021-09-01
2089,2021-09-01
2090,2021-09-01
2091,2021-09-01
2092,2021-09-01
2093,2021-09-01
2094,2021-09-01
2095,2021-09-01
2096,2021-09-01
2097,2021-09-01
2098,2021-09-01
2099,2021-09-01
2100,2021-09-01
2101,2021-09-01
2102,2021-09-01
2103,2021-09-01
2104,2021-09-01
2105,2021-09-01
2106,2021-10-01
2107,2021-10-01
2108,2021-10-01
2109,2021-10-01
2110,2021-10-01
2111,2021-10-01
2112,2021-10-01
2113,2021-10-01
2114,2021-10-01
2115,2021-10-01
2116,2021-10-01
2117,2021-10-01
2118,2021-10-01
2119,2021-10-01
2120,2021-10-01
2121,2021-10-01
2122,2021-10-01
2123,2021-10-01
2124,2021-10-01
2125,2021-10-01
2126,2021-10-01
2127,2021-10-01
2128,2021-10-01
2129,2021-10-01
2130,2021-10-01
2131,2021-10-01
2132,2021-11-01
2133,2021-11-01
2134,2021-11-01
2135,2021-11-01
2136,2021-11-01
2137,2021-11-01
2138,2021-11-01
2139,2021-11-01
2140,2021-11-01
2141,2021-11-01
2142,2021-11-01
2143,2021-11-01
2144,2021-11-01
2145,2021-11-01
2146,2021-11-01
2147,2021-11-01
2148,2021-11-01
2149,2021-11-01
2150,2021-11-01
2151,2021-11-01
2152,2021-11-01
2153,2021-11-01
2154,2021-11-01
2155,2021-11-01
2156,2021-11-01
2157,2021-11-01
2158,2021-12-01
2159,2021-12-01
2160,2021-12-01
2161,2021-12-01
2162,2021-12-01
2163,2021-12-01
2164,2021-12-01
2165,2021-12-01
2166,2021-12-01
2167,2021-12-01
2168,2021-12-01
2169,2021-12-01
2170,2021-12-01
2171,2021-12-01
2172,2021-12-01
2173,2021-12-01
2174,2021-12-01
2175,2021-12-01
2176,2021-12-01
2177,2021-12-01
2178,2021-12-01
2179,2021-12-01
2180,2021-12-01
2181,2021-12-01
2182,2021-12-01
2183,2021-12-01
2184,2022-01-01
2185,2022-01-01
2186,2022-01-01
2187,2022-01-01
2188,2022-01-01
2189,2022-01-01
2190,2022-01-01
2191,2022-01-01
2192,2022-01-01
2193,2022-01-01
2194,2022-01-01
2195,2022-01-01
2196,2022-01-01
2197,2022-01-01
2198,2022-01-01
2199,2022-01-01
2200,2022-01-01
2201,2022-01-01
2202,2022-01-01
2203,2022-01-01
2204,2022-01-01
2205,2022-01-01
2206,2022-01-01
2207,2022-01-01
2208,2022-01-01
2209,2022-01-01
2210,2022-02-01
2211,2022-02-01
2212,2022-02-01
2213,2022-02-01
2214,2022-02-01
2215,2022-02-01
2216,2022-02-01
2217,2022-02-01
2218,2022-02-01
2219,2022-02-01
2220,2022-02-01
2221,2022-02-01
2222,2022-02-01
2223,2022-02-01
2224,2022-02-01
2225,2022-02-01
2226,2022-02-01
2227,2022-02-01
2228,2022-02-01
2229,2022-02-01
2230,2022-02-01
2231,2022-02-01
2232,2022-02-01
2233,2022-02-01
2234,2022-02-01
2235,2022-02-01
2236,2022-03-01
2237,2022-03-01
2238,2022-03-01
2239,2022-03-01
2240,2022-03-01
2241,2022-03-01
2242,2022-03-01
2243,2022-03-01
2244,2022-03-01
2245,2022-03-01
2246,2022-03-01
2247,2022-03-01
2248,2022-03-01
2249,2022-03-01
2250,2022-03-01
2251,2022-03-01
2252,2022-03-01
2253,2022-03-01
2254,2022-03-01
2255,2022-03-01
2256,2022-03-01
2257,2022-03-01
2258,2022-03-01
2259,2022-03-01
2260,2022-03-01
2261,2022-03-01
2262,2022-04-01
2263,2022-04-01
2264,2022-04-01
2265,2022-04-01
2266,2022-04-01
2267,2022-04-01
2268,2022-04-01
2269,2022-04-01
2270,2022-04-01
2271,2022-04-01
2272,2022-04-01
2273,2022-04-01
2274,2022-04-01
2275,2022-04-01
2276,2022-04-01
2277,2022-04-01
2278,2022-04-01
2279,2022-04-01
2280,2022-04-01
2281,2022-04-01
2282,2022-04-01
2283,2022-04-01
2284,2022-04-01
2285,2022-04-01
2286,2022-04-01
2287,2022-04-01
2288,2022-05-01
2289,2022-05-01
2290,2022-05-01
2291,2022-05-01
2292,2022-05-01
2293,2022-05-01
2294,2022-05-01
2295,2022-05-01
2296,2022-05-01
2297,2022-05-01
2298,2022-05-01
2299,2022-05-01
2300,2022-05-01
2301,2022-05-01
2302,2022-05-01
2303,2022-05-01
2304,2022-05-01
2305,2022-05-01
2306,2022-05-01
2307,2022-05-01
2308,2022-05-01
2309,2022-05-01
2310,2022-05-01
2311,2022-05-01
2312,2022-05-01
2313,2022-05-01
2314,2022-06-01
2315,2022-06-01
2316,2022-06-01
2317,2022-06-01
2318,2022-06-01
2319,2022-06-01
2320,2022-06-01
2321,2022-06-01
2322,2022-06-01
2323,2022-06-01
2324,2022-06-01
2325,2022-06-01
2326,2022-06-01
2327,2022-06-01
2328,2022-06-01
2329,2022-06-01
2330,2022-06-01
2331,2022-06-01
2332,2022-06-01
2333,2022-06-01
2334,2022-06-01
2335,2022-06-01
2336,2022-06-01
2337,2022-06-01
2338,2022-06-01
2339,2022-06-01
2340,2022-07-01
2341,2022-07-01
2342,2022-07-01
2343,2022-07-01
2344,2022-07-01
2345,2022-07-01
2346,2022-07-01
2347,2022-07-01
2348,2022-07-01
2349,2022-07-01
2350,2022-07-01
2351,2022-07-01
2352,2022-07-01
2353,2022-07-01
2354,2022-07-01
2355,2022-07-01
2356,2022-07-01
2357,2022-07-01
2358,2022-07-01
2359,2022-07-01
2360,2022-07-01
2361,2022-07-01
2362,2022-07-01
2363,2022-07-01
2364,2022-07-01
2365,2022-07-01
2366,2022-08-01
2367,2022-08-01
2368,2022-08-01
2369,2022-08-01
2370,2022-08-01
2371,2022-08-01
2372,2022-08-01
2373,2022-08-01
2374,2022-08-01
2375,2022-08-01
2376,2022-08-01
2377,2022-08-01
2378,2022-08-01
2379,2022-08-01
2380,2022-08-01
2381,2022-08-01
2382,2022-08-01
2383,2022-08-01
2384,2022-08-01
2385,2022-08-01
2386,2022-08-01
2387,2022-08-01
2388,2022-08-01
2389,2022-08-01
2390,2022-08-01
2391,2022-08-01
2392,2022-09-01
2393,2022-09-01
2394,2022-09-01
2395,2022-09-01
2396,2022-09-01
2397,2022-09-01
2398,2022-09-01
2399,2022-09-01
2400,2022-09-01
2401,2022-09-01
2402,2022-09-01
2403,2022-09-01
2404,2022-09-01
2405,2022-09-01
2406,2022-09-01
2407,2022-09-01
2408,2022-09-01
2409,2022-09-01
2410,2022-09-01
2411,2022-09-01
2412,2022-09-01
2413,2022-09-01
2414,2022-09-01
2415,2022-09-01
2416,2022-09-01
2417,2022-09-01
2418,2022-10-01
2419,2022-10-01
2420,2022-10-01
2421,2022-10-01
2422,2022-10-01
2423,2022-10-01
2424,2022-10-01
2425,2022-10-01
2426,2022-10-01
2427,2022-10-01
2428,2022-10-01
2429,2022-10-01
2430,2022-10-01
2431,2022-10-01
2432,2022-10-01
2433,2022-10-01
2434,2022-10-01
2435,2022-10-01
2436,2022-10-01
2437,2022-10-01
2438,2022-10-01
2439,2022-10-01
2440,2022-10-01
2441,2022-10-01
2442,2022-10-01
2443,2022-10-01
2444,2022-11-01
2445,2022-11-01
2446,2022-11-01
2447,2022-11-01
2448,2022-11-01
2449,2022-11-01
2450,2022-11-01
2451,2022-11-01
2452,2022-11-01
2453,2022-11-01
2454,2022-11-01
2455,2022-11-01
2456,2022-11-01
2457,2022-11-01
2458,2022-11-01
2459,2022-11-01
2460,2022-11-01
2461,2022-11-01
2462,2022-11-01
2463,2022-11-01
2464,2022-11-01
2465,2022-11-01
2466,2022-11-01
2467,2022-11-01
2468,2022-11-01
2469,2022-11-01
2470,2022-12-01
2471,2022-12-01
2472,2022-12-01
2473,2022-12-01
2474,2022-12-01
2475,2022-12-01
2476,2022-12-01
2477,2022-12-01
2478,2022-12-01
2479,2022-12-01
2480,2022-12-01
2481,2022-12-01
2482,2022-12-01
2483,2022-12-01
2484,2022-12-01
2485,2022-12-01
2486,2022-12-01
2487,2022-12-01
2488,2022-12-01
2489,2022-12-01
2490,2022-12-01
2491,2022-12-01
2492,2022-12-01
2493,2022-12-01
2494,2022-12-01
2495,2022-12-01
2496,2023-01-01
2497,2023-01-01
2498,2023-01-01
2499,2023-01-01
2500,2023-01-01
2501,2023-01-01
2502,2023-01-01
2503,2023-01-01
2504,2023-01-01
2505,2023-01-01
2506,2023-01-01
2507,2023-01-01
2508,2023-01-01
2509,2023-01-01
2510,2023-01-01
2511,2023-01-01
2512,2023-01-01
2513,2023-01-01
2514,2023-01-01
2515,2023-01-01
2516,2023-01-01
2517,2023-01-01
2518,2023-01-01
2519,2023-01-01
2520,2023-01-01
2521,2023-01-01
2522,2023-02-01
2523,2023-02-01
2524,2023-02-01
2525,2023-02-01
2526,2023-02-01
2527,2023-02-01
2528,2023-02-01
2529,2023-02-01
2530,2023-02-01
2531,2023-02-01
2532,2023-02-01
2533,2023-02-01
2534,2023-02-01
2535,2023-02-01
2536,2023-02-01
2537,2023-02-01
2538,2023-02-01
2539,2023-02-01
2540,2023-02-01
2541,2023-02-01
2542,2023-02-01
2543,2023-02-01
2544,2023-02-01
2545,2023-02-01
2546,2023-02-01
2547,2023-02-01
2548,2023-03-01
2549,2023-03-01
2550,2023-03-01
2551,2023-03-01
2552,2023-03-01
2553,2023-03-01
2554,2023-03-01
2555,2023-03-01
2556,2023-03-01
2557,2023-03-01
2558,2023-03-01
2559,2023-03-01
2560,2023-03-01
2561,2023-03-01
2562,2023-03-01
2563,2023-03-01
2564,2023-03-01
2565,2023-03-01
2566,2023-03-01
2567,2023-03-01
2568,2023-03-01
2569,2023-03-01
2570,2023-03-01
2571,2023-03-01
2572,2023-03-01
2573,2023-03-01
2574,2023-04-01
2575,2023-04-01
2576,2023-04-01
2577,2023-04-01
2578,2023-04-01
2579,2023-04-01
2580,2023-04-01
2581,2023-04-01
2582,2023-04-01
2583,2023-04-01
2584,2023-04-01
2585,2023-04-01
2586,2023-04-01
2587,2023-04-01
2588,2023-04-01
2589,2023-04-01
2590,2023-04-01
2591,2023-04-01
2592,2023-04-01
2593,2023-04-01
2594,2023-04-01
2595,2023-04-01
2596,2023-04-01
2597,2023-04-01
2598,2023-04-01
2599,2023-04-01
2600,2023-05-01
2601,2023-05-01
2602,2023-05-01
2603,2023-05-01
2604,2023-05-01
2605,2023-05-01
2606,2023-05-01
2607,2023-05-01
2608,2023-05-01
2609,2023-05-01
2610,2023-05-01
2611,2023-05-01
2612,2023-05-01
2613,2023-05-01
2614,2023-05-01
2615,2023-05-01
2616,2023-05-01
2617,2023-05-01
2618,2023-05-01
2619,2023-05-01
2620,2023-05-01
2621,2023-05-01
2622,2023-05-01
2623,2023-05-01
2624,2023-05-01
2625,2023-05-01
