,mean
0,4860.64406779661
1,4682.033707865168
2,5594.36
3,4326.2786885245905
4,6706.693877551021
5,4118.7
6,6797.0
7,8358.466666666667
8,3715.3793103448274
9,5014.5
10,5232.885714285714
11,4324.0161290322585
12,4513.307692307692
13,4016.3173076923076
14,5595.047619047619
15,6668.666666666667
16,3957.901960784314
17,4553.75
18,6436.735294117647
19,3920.75
20,4456.44
21,4922.421052631579
22,4484.461538461538
23,5109.757575757576
24,3736.785714285714
25,3970.5142857142855
26,4817.446153846154
27,4666.140845070423
28,5669.380952380952
29,4289.490196078431
30,6285.742857142857
31,3896.65
32,6540.5
33,8791.136363636364
34,3693.3863636363635
35,5394.37037037037
36,4965.793103448276
37,4384.107692307693
38,4362.444444444444
39,4016.2708333333335
40,5469.4375
41,6442.857142857143
42,3853.1714285714284
43,4346.415094339623
44,6524.341463414634
45,3816.7045454545455
46,4469.112676056338
47,4694.578947368421
48,4415.086956521739
49,5458.7307692307695
50,3709.2285714285713
51,3994.8030303030305
52,4778.285714285715
53,4691.523364485981
54,5636.684210526316
55,4311.4857142857145
56,5926.395833333333
57,3943.6341463414633
58,6045.0
59,8230.25
60,3755.28125
61,5114.866666666667
62,5241.785714285715
63,4247.704918032787
64,4341.666666666667
65,3995.257731958763
66,5694.0
67,6067.583333333333
68,3917.122448979592
69,4433.654545454546
70,6362.914285714286
71,3863.6486486486488
72,4479.482352941176
73,4935.189189189189
74,4314.11320754717
75,5490.777777777777
76,3716.75
77,3939.5402298850577
78,4811.795454545455
79,4679.811881188119
80,5799.892857142857
81,4249.416666666667
82,6257.779411764706
83,4029.866666666667
84,6406.0
85,8275.058823529413
86,3634.1911764705883
87,5290.698113207547
88,4880.568627450981
89,4313.81914893617
90,4390.827586206897
91,3962.7021276595747
92,5525.907407407408
93,6198.727272727273
94,3887.3953488372094
95,4376.382978723404
96,6515.307692307692
97,3775.8947368421054
98,4300.245283018868
99,5085.846153846154
100,4487.190476190476
101,5197.090909090909
102,3733.11214953271
103,3972.009433962264
104,4808.783783783784
105,4623.7052631578945
106,5494.125
107,4258.557142857143
108,6708.72
109,3849.1323529411766
110,6650.857142857143
111,8339.6875
112,3583.2
113,5237.214285714285
114,5374.621621621622
115,4294.521276595745
116,4542.1875
117,4038.1951219512193
118,5489.0
119,6334.222222222223
120,3910.4153846153845
121,4247.895833333333
122,6397.8
123,3824.3777777777777
124,4407.421052631579
125,4604.0625
126,4366.653225806452
127,5338.653846153846
128,3708.8854166666665
129,3912.355769230769
130,4890.977777777778
131,4591.75
132,5555.606060606061
133,4266.738461538462
134,6116.709677419355
135,4003.9836065573772
136,5992.5
137,8004.047619047619
138,3527.2678571428573
139,5138.153846153846
140,5138.462962962963
141,4261.3877551020405
142,4483.903846153846
143,4024.4012738853503
144,5772.7169811320755
145,5951.555555555556
146,3802.6326530612246
147,4337.846153846154
148,6331.222222222223
149,3857.051282051282
150,4402.458333333333
151,4999.184210526316
152,4347.915094339623
153,5051.490196078431
154,3706.240740740741
155,3995.80198019802
156,4878.059405940594
157,4653.971428571429
158,5675.6
159,4177.2786885245905
160,6315.833333333333
161,3872.019230769231
162,5986.0
163,7334.0526315789475
164,3550.915789473684
165,5292.971428571429
166,5010.648148148148
167,4279.320512820513
168,4563.117647058823
169,3955.1388888888887
170,5475.45
171,6662.583333333333
172,3923.25
173,4297.183673469388
174,6482.583333333333
175,3775.4285714285716
176,4429.669642857143
177,4922.0
178,4454.25
179,4940.851063829788
180,3685.844827586207
181,3922.5446428571427
182,4788.044776119403
183,4626.719626168225
184,5610.047619047619
185,4189.754716981132
186,6292.55
187,3975.24
188,6573.333333333333
189,8020.391304347826
190,3587.4477611940297
191,5172.575
192,5125.959183673469
193,4267.816901408451
194,4406.36
195,3872.019047619048
196,5622.594594594595
197,6391.5
198,3897.8709677419356
199,4239.586956521739
200,6474.711111111111
201,3888.8048780487807
202,4403.136363636364
203,5227.652173913043
204,4374.366972477064
205,5280.1509433962265
206,3717.2743362831857
207,3985.9156626506024
208,4796.39705882353
209,4624.125
210,5665.75
211,4265.363636363636
212,6089.333333333333
213,3970.5714285714284
214,6452.333333333333
215,8783.125
216,3512.6417910447763
217,5196.833333333333
218,5160.711111111111
219,4245.975
220,4234.615384615385
221,4092.4083333333333
222,5793.242424242424
223,6244.2
224,3919.2363636363634
225,4220.209302325581
226,6198.166666666667
227,3889.235294117647
228,4304.6082474226805
229,5029.184210526316
230,4335.738738738739
231,5091.702127659574
232,3662.909090909091
233,3956.2613636363635
234,4840.691358024691
235,4681.775193798449
236,5558.682926829269
237,4188.756756756757
238,6335.1016949152545
239,3839.5797101449275
240,6284.25
241,7566.071428571428
242,3534.6704545454545
243,5156.333333333333
244,5149.375
245,4237.549450549451
246,4376.8125
247,4000.856115107914
248,5587.311475409836
249,5898.75
250,3829.754716981132
251,4246.830769230769
252,6680.760869565217
253,3819.108695652174
254,4422.321428571428
255,4667.4473684210525
256,4341.785714285715
257,5229.811320754717
258,3744.7109375
259,4002.1688311688313
260,4821.808219178082
261,4687.1648351648355
262,5598.347826086957
263,4195.558823529412
264,6369.882352941177
265,3883.05
266,5629.0
267,7538.1
268,3585.3283582089553
269,5404.133333333333
270,5132.6
271,4277.416666666667
272,4422.5
273,4030.748201438849
274,5542.0526315789475
275,6261.285714285715
276,3904.322033898305
277,4433.490566037736
278,6317.476190476191
279,3830.4363636363637
280,4447.274336283186
281,4832.9375
282,4327.721649484536
283,5406.931818181818
284,3738.700934579439
285,4037.8333333333335
286,4923.470588235294
287,4692.39603960396
288,5518.258064516129
289,4163.094339622641
290,6567.875
291,3955.8936170212764
292,6498.5
293,7173.631578947368
294,3588.8
295,5260.648648648648
296,5240.5142857142855
297,4249.296875
298,4449.384615384615
299,4103.2342342342345
300,5727.697674418605
301,6714.1
302,3899.5882352941176
303,4460.840579710145
304,6579.075
305,3845.6
306,4298.626506024097
307,4724.076923076923
308,4353.289473684211
309,5034.955555555555
310,3720.7450980392155
311,3949.4597701149423
312,5008.285714285715
313,4680.426829268293
314,5587.217391304348
315,4166.431372549019
316,6000.511627906977
317,3850.7916666666665
318,6767.0
319,8041.0
320,3606.8529411764707
321,5048.925
322,4995.229166666667
323,4084.9830508474574
324,4411.48
325,4102.029702970297
326,5859.424242424242
327,6307.642857142857
328,3885.125
329,4508.392156862745
330,6617.72
331,3842.878787878788
332,4376.691489361702
333,4873.0
334,4368.741071428572
335,5016.041666666667
336,3659.7619047619046
337,3959.3863636363635
338,4981.949152542373
339,4649.238636363636
340,5603.695652173913
341,4179.428571428572
342,6386.020833333333
343,3875.2608695652175
344,6287.75
345,8143.214285714285
346,3542.476923076923
347,5121.291666666667
348,4997.827586206897
349,4169.111111111111
350,4342.815789473684
351,4073.0823529411764
352,5929.131578947368
353,6286.571428571428
354,3868.862068965517
355,4475.808510638298
356,6278.8421052631575
357,3815.1071428571427
358,4398.9390243902435
359,4989.818181818182
360,4394.325301204819
361,4985.767441860465
362,3697.418181818182
363,3926.265625
364,4847.814814814815
365,4684.4157303370785
366,5613.235294117647
367,4273.6557377049185
368,6099.984848484848
369,4068.05
370,6393.0
371,7601.739130434783
372,3588.804347826087
373,5059.777777777777
374,4935.770833333333
375,4126.393258426966
376,4376.258064516129
377,4138.858333333334
378,6260.558139534884
379,6184.5
380,3924.0508474576272
381,4535.214285714285
382,6646.365853658536
383,3864.0238095238096
384,4355.566666666667
385,4936.342857142857
386,4384.553846153846
387,4962.302325581395
388,3737.1495327102803
389,3967.2526315789473
390,4937.277777777777
391,4505.9646017699115
392,5853.454545454545
393,4201.080645161291
394,6349.426229508197
395,3880.823529411765
396,6336.714285714285
397,7000.166666666667
398,3573.9795918367345
399,5353.95744680851
400,5278.906976744186
401,4102.792207792208
402,4437.391304347826
403,4045.1971830985917
404,6314.741935483871
405,6113.3
406,3848.529411764706
407,4548.322222222222
408,6456.857142857143
409,3765.8048780487807
410,4398.771812080537
411,4954.176470588235
412,4422.81679389313
413,5515.360655737705
414,3700.7449664429532
415,3988.469387755102
416,4951.6125
417,4571.535714285715
418,5773.2
419,4294.709677419355
420,6503.076923076923
421,4107.1125
422,6159.333333333333
423,7787.333333333333
424,3557.5151515151515
425,5090.941176470588
426,5025.780487804878
427,4128.259615384615
428,4498.764705882353
429,3999.9466666666667
430,6036.857142857143
431,6345.3
432,3904.5
433,4560.555555555556
434,6612.448979591837
435,3793.1403508771928
436,4372.0298507462685
437,4909.916666666667
438,4459.869918699187
439,5383.611111111111
440,3696.887323943662
441,3970.627450980392
442,4826.4111111111115
443,4641.692307692308
444,5552.76
445,4238.828125
446,6194.967741935484
447,3931.0
448,6136.0
449,7048.785714285715
450,3521.722222222222
451,5095.518518518518
452,5105.484375
453,4132.990099009901
454,4411.6875
455,3966.1567164179105
456,6092.754716981132
457,6079.75
458,3907.6296296296296
459,4518.134831460674
460,6658.185185185185
461,3911.5238095238096
462,4360.779411764706
463,4834.2444444444445
464,4461.846666666666
465,5405.2
466,3704.0158730158732
467,4101.371134020618
468,4743.831168831169
469,4550.119565217391
470,5471.653846153846
471,4238.306666666666
472,6245.323529411765
473,4030.1454545454544
474,6677.0
475,7614.75
476,3618.2586206896553
477,5430.7692307692305
478,5223.510204081633
479,4344.451219512195
480,4509.375
481,4059.0857142857144
482,5989.186440677966
483,6408.333333333333
484,3925.921568627451
485,4492.338235294118
486,6686.45652173913
487,3899.7377049180327
488,4404.434782608696
489,4853.217391304348
490,4353.669902912621
491,5456.0
492,3738.0434782608695
493,4071.5052631578947
494,4954.166666666667
495,4575.976
496,5568.891891891892
497,4177.623188405797
498,6233.491803278688
499,4024.359375
500,6402.428571428572
501,8121.285714285715
502,3531.5840707964603
503,5514.046511627907
504,5042.827586206897
505,4117.306306306306
506,4532.976744186047
507,4028.3825503355706
508,5831.10294117647
509,6098.416666666667
510,3930.0338983050847
511,4540.768421052631
512,6321.907407407408
513,3807.5283018867926
514,4326.687943262411
515,4961.866666666667
516,4492.636363636364
517,5200.923076923077
518,3612.3545454545456
519,4039.6
520,4992.111111111111
521,4662.674603174603
522,5884.633333333333
523,4210.4177215189875
524,6314.741935483871
525,3890.4920634920636
526,6708.333333333333
527,8098.0625
528,3527.8030303030305
529,5050.468085106383
530,4791.6875
531,4159.614457831325
532,4616.512195121952
533,4023.752
534,5861.724137931034
535,6561.0
536,3941.883333333333
537,4537.215384615384
538,6571.930232558139
539,3742.55
540,4470.285714285715
541,4579.441860465116
542,4496.171171171171
543,5314.041666666667
544,3670.0877192982457
545,3948.811111111111
546,5104.903225806452
547,4682.745614035088
548,6302.272727272727
549,4153.171875
550,6340.821428571428
551,3988.4126984126983
552,6553.0
553,6512.631578947368
554,3527.4883720930234
555,5233.152173913043
556,5155.384615384615
557,4187.109756097561
558,4416.8378378378375
559,4038.6046511627906
560,5660.403508771929
561,6243.666666666667
562,3861.810810810811
563,4527.03125
564,6688.03125
565,3807.027027027027
566,4297.046875
567,4965.171428571429
568,4418.409523809524
569,4999.018867924528
570,3640.422018348624
571,3962.5555555555557
572,4951.478260869565
573,4713.568181818182
574,6210.710526315789
575,4142.492753623188
576,6500.066666666667
577,3790.551724137931
578,6805.25
579,8137.277777777777
580,3460.1830985915494
581,5418.175
582,5295.766666666666
583,4149.307692307692
584,4360.325581395349
585,4082.698275862069
586,5737.74
587,6271.0
588,3944.056603773585
589,4661.6547619047615
590,6226.113636363636
591,3839.641025641026
592,4292.963636363636
593,5313.521739130435
594,4437.699115044248
595,5302.608695652174
596,3683.8196721311474
597,3993.896907216495
598,5068.0625
599,4730.451612903225
600,6024.5161290322585
601,4101.618181818182
602,6358.19298245614
603,3946.2549019607845
604,6359.8
605,7780.64705882353
606,3485.4307692307693
607,5385.92
608,5127.324324324324
609,4076.4477611940297
610,4363.935483870968
611,4034.836956521739
612,5369.604166666667
613,6023.222222222223
614,3731.722222222222
615,4647.87012987013
616,6778.958333333333
617,3716.785714285714
618,4276.633663366337
619,4847.103448275862
620,4514.908045977011
621,5372.090909090909
622,3636.301886792453
623,4030.1875
624,4900.839285714285
625,4656.228571428572
626,5966.227272727273
627,4224.382978723404
628,6226.285714285715
629,3842.866666666667
630,6621.333333333333
631,7351.833333333333
632,3537.590909090909
633,5102.571428571428
634,4950.1875
635,4130.621212121212
636,4319.75
637,4012.3125
638,5694.1621621621625
639,5960.75
640,3852.5789473684213
641,4604.298245614035
642,6060.571428571428
643,3757.0
644,4307.049382716049
645,4728.5
646,4434.0
647,5390.272727272727
648,3633.7710843373493
649,3997.5285714285715
650,4996.707317073171
651,4675.239436619719
652,6221.057142857143
653,4050.785714285714
654,6409.179487179487
655,3937.25
656,6181.6
657,7167.090909090909
658,3462.1521739130435
659,5203.416666666667
660,5075.1612903225805
661,4204.106060606061
662,4376.413793103448
663,3982.25
664,5587.159090909091
665,6368.8
666,3818.2
667,4601.771929824561
668,6668.705882352941
669,3715.5
670,4346.518072289156
671,4712.8387096774195
672,4391.4
673,5448.0
674,3689.608108108108
675,3930.756097560976
676,4980.233333333334
677,4737.666666666667
678,6043.918918918919
679,4119.753424657534
680,6362.930555555556
681,4125.791666666667
682,6561.333333333333
683,7893.625
684,3553.942857142857
685,5404.622222222222
686,5276.162790697675
687,4137.9
688,4055.2972972972975
689,4020.034965034965
690,5784.096774193548
691,5993.076923076923
692,3910.7625
693,4623.842975206611
694,6499.762711864407
695,3756.3333333333335
696,4373.060810810811
697,4845.9607843137255
698,4496.3983050847455
699,5470.594202898551
700,3624.590909090909
701,3995.5625
702,4921.908045977011
703,4633.9537037037035
704,6268.657142857143
705,4113.971014492754
706,6615.857142857143
707,4151.732394366197
708,6415.4
709,7178.090909090909
710,3533.212121212121
711,5409.851063829788
712,5044.1578947368425
713,4183.1274509803925
714,4354.4358974358975
715,3886.3380281690143
716,5731.446153846154
717,6181.45
718,3861.873015873016
719,4702.30303030303
720,6466.090909090909
721,3696.9591836734694
722,4457.189393939394
723,4809.948717948718
724,4469.03125
725,5011.225
726,3611.3503649635036
727,3866.9754098360654
728,5176.729166666667
729,4564.759615384615
730,6318.8536585365855
731,4101.718309859155
732,6569.256097560976
733,4241.073170731707
734,7070.333333333333
735,7610.6
736,3540.5
737,5708.0
738,4932.301886792453
739,4208.277227722772
740,4212.677419354839
741,3880.0123456790125
742,5671.859154929577
743,6121.0
744,3959.0508474576272
745,4636.271844660194
746,6912.0
747,3705.5
748,4336.038961038961
749,4826.090909090909
750,4589.106870229008
751,5216.453125
752,3622.0194805194806
753,3924.5839416058393
754,5066.020202020202
755,4681.32
756,6144.8490566037735
757,4151.584615384615
758,6446.590909090909
759,3940.3617021276596
760,6424.2
761,7827.714285714285
762,3550.525
763,6305.194444444444
764,5133.982456140351
765,4265.308641975309
766,4421.487804878048
767,3814.7709923664124
768,5617.642857142857
769,5983.538461538462
770,3995.2708333333335
771,4525.5
772,6516.727272727273
773,3671.904761904762
774,4280.971830985915
775,4826.09375
776,4485.159292035398
777,5467.388059701492
778,3663.3046875
779,3964.9607843137255
780,4882.96511627907
781,4583.774193548387
782,6295.787878787879
783,4163.179104477612
784,6378.931818181818
785,4180.076923076923
786,6132.0
787,7245.363636363636
788,3523.108108108108
789,5089.0
790,5101.4375
791,4142.80303030303
792,4267.866666666667
793,3961.4338235294117
794,5584.933333333333
795,6185.777777777777
796,3980.96
797,4461.21875
798,6682.0
799,3700.3166666666666
800,4357.237410071943
801,4666.317073170731
802,4406.925925925926
803,5778.333333333333
804,3646.2587412587413
805,3941.633663366337
806,5050.747126436781
807,4719.560344827586
808,5876.675
809,4150.64406779661
810,6112.771428571428
811,4023.777777777778
812,6281.0
813,7688.055555555556
814,3599.786666666667
815,5554.863636363636
816,4893.555555555556
817,4181.24
818,4413.704545454545
819,3956.284810126582
820,5440.746268656716
821,6630.333333333333
822,3890.843137254902
823,4541.238805970149
824,6596.42
825,3651.58
826,4250.177304964539
827,4865.317073170731
828,4484.603603603604
829,5713.021505376344
830,3617.7123287671234
831,3943.818897637795
832,4794.602739726028
833,4666.632653061224
834,5945.684210526316
835,4235.78431372549
836,6660.2835820895525
837,4218.627118644068
838,6455.7
839,7942.083333333333
840,3502.285714285714
841,5629.242424242424
842,4969.35
843,3990.6923076923076
844,4353.757575757576
845,3862.9
846,5965.210526315789
847,5929.625
848,3883.470588235294
849,4547.5615384615385
850,6503.518518518518
851,3724.5135135135133
852,4270.515625
853,4935.148936170212
854,4525.776595744681
855,6094.105263157895
856,3552.1641791044776
857,3938.019801980198
858,4724.215189873417
859,4673.631067961165
860,5941.809523809524
861,4058.5774647887324
862,6685.725
863,4061.5538461538463
864,6144.333333333333
865,7122.857142857143
866,3452.6065573770493
867,5531.388888888889
868,5111.959183673469
869,4158.851851851852
870,4469.255319148936
871,3852.1052631578946
872,5365.641509433963
873,5937.909090909091
874,3987.296296296296
875,4609.863636363636
876,6278.045454545455
877,3675.8333333333335
878,4278.953846153846
879,5011.433333333333
880,4488.198113207547
881,5733.679487179487
882,3554.3284671532847
883,3812.16
884,4802.75
885,4698.618644067797
886,5980.117647058823
887,4049.6625
888,6537.506172839506
889,4115.533333333334
890,6492.75
891,7183.8125
892,3552.190476190476
893,5251.558823529412
894,5118.836065573771
895,4135.139240506329
896,4358.320754716981
897,3817.9151515151516
898,5459.731343283582
899,6245.583333333333
900,3891.4137931034484
901,4655.851063829788
902,6659.442307692308
903,3656.439024390244
904,4269.808
905,4937.289473684211
906,4417.192307692308
907,5858.215053763441
908,3555.6875
909,3827.672727272727
910,4749.296875
911,4671.0888888888885
912,6299.527777777777
913,4078.7454545454543
914,6724.620689655172
915,4064.6393442622953
916,6366.166666666667
917,6968.833333333333
918,3513.8630136986303
919,5463.037037037037
920,5223.115384615385
921,4017.3835616438355
922,4319.648648648648
923,3889.4117647058824
924,5473.2835820895525
925,5881.5
926,3880.2954545454545
927,4626.984126984127
928,6819.861111111111
929,3657.6279069767443
930,4290.6488549618325
931,4805.925925925926
932,4509.490740740741
933,5902.309523809524
934,3543.4660194174758
935,3844.064516129032
936,4644.909090909091
937,4665.067796610169
938,5739.117647058823
939,4155.513513513513
940,6513.8125
941,4210.342857142857
942,6676.75
943,7569.692307692308
944,3446.3846153846152
945,5137.0526315789475
946,5427.68
947,4250.375
948,4249.15
949,3802.225352112676
950,5630.545454545455
951,6078.875
952,3904.206896551724
953,4683.878048780488
954,6029.806451612903
955,3666.9615384615386
956,4178.256097560976
957,4732.5
958,4418.789473684211
959,5500.291666666667
960,3637.219178082192
961,3822.4861111111113
962,4520.7555555555555
963,4650.869565217391
964,6099.875
965,4045.586956521739
966,5927.024390243902
967,3982.0
968,6649.333333333333
969,8220.3
970,3441.32
971,5770.5161290322585
972,5165.241379310345
973,4064.137931034483
974,4516.259259259259
975,3756.3936170212764
976,5462.586206896552
977,6051.25
978,4055.9285714285716
979,4663.9670329670325
980,6727.833333333333
981,3598.3870967741937
982,4218.955056179775
983,4953.9375
984,4511.9384615384615
985,5281.729166666667
986,3554.9883720930234
987,3795.025974025974
988,4915.009615384615
989,4766.774193548387
990,6072.0526315789475
991,4071.051948051948
992,6271.819444444444
993,4080.457142857143
994,6558.4
995,8054.333333333333
996,3444.402985074627
997,5785.325
998,5485.585365853659
999,4156.941176470588
1000,4366.288888888889
1001,3833.3947368421054
1002,5579.413793103448
1003,6349.066666666667
1004,3864.4423076923076
1005,4577.0921052631575
1006,6875.271186440678
1007,3497.095238095238
1008,4202.496402877698
1009,4622.982758620689
1010,4510.161904761905
1011,5913.931506849315
1012,3528.1129032258063
1013,3756.31914893617
1014,5031.930693069307
1015,4461.126213592233
1016,6139.542857142857
1017,3961.8315789473686
1018,6412.202531645569
1019,4113.523809523809
1020,6451.666666666667
1021,7388.1875
1022,3428.1294117647058
1023,5261.454545454545
1024,5010.239130434783
1025,4111.08
1026,4354.585365853659
1027,3838.1729323308273
1028,5321.905660377359
1029,6032.909090909091
1030,3994.0
1031,4558.887096774193
1032,6650.631578947368
1033,3534.5
1034,4331.8230088495575
1035,4769.882352941177
1036,4440.448
1037,5844.4
1038,3527.6377952755906
1039,3767.577319587629
1040,4847.985074626866
1041,4740.112359550561
1042,5933.242424242424
1043,3966.8571428571427
1044,6732.819672131148
1045,4007.688311688312
1046,5781.0
1047,7258.75
1048,3478.0714285714284
1049,5351.358974358975
1050,4824.575757575758
1051,4105.211764705882
1052,4380.486486486487
1053,3930.793103448276
1054,5844.551020408163
1055,5793.0
1056,4006.4
1057,4661.762589928057
1058,6932.866666666667
1059,3591.759259259259
1060,4284.213793103449
1061,4704.114285714286
1062,4588.908496732026
1063,5637.895833333333
1064,3503.4435483870966
1065,3766.6451612903224
1066,4796.176470588235
1067,4569.634408602151
1068,5986.938775510204
1069,4025.5945945945946
1070,6341.159090909091
1071,3980.573529411765
1072,6328.714285714285
1073,8084.6875
1074,3417.6530612244896
1075,5704.473684210527
1076,5560.09756097561
1077,4082.4555555555557
1078,4249.539682539683
1079,3835.6708860759495
1080,5794.272727272727
1081,6235.928571428572
1082,3900.7903225806454
1083,4649.191489361702
1084,7052.790697674419
1085,3571.531914893617
1086,4258.2972972972975
1087,4810.1875
1088,4452.3671875
1089,5554.6760563380285
1090,3539.6319444444443
1091,3770.2
1092,4887.728813559322
1093,4547.744360902256
1094,5650.325581395349
1095,3939.688888888889
1096,6538.10101010101
1097,4096.454545454545
1098,6503.0
1099,7188.692307692308
1100,3455.59595959596
1101,5182.833333333333
1102,5029.714285714285
1103,4159.6621621621625
1104,4419.88524590164
1105,3824.0260416666665
1106,5315.074074074074
1107,5975.2
1108,4002.230769230769
1109,4643.079365079365
1110,6574.235294117647
1111,3553.901234567901
1112,4287.878048780488
1113,4776.82
1114,4534.798780487805
1115,5894.180722891566
1116,3551.4467005076144
1117,3743.6046511627906
1118,4752.3917525773195
1119,4438.971698113208
1120,5871.5
1121,3974.84
1122,6574.888888888889
1123,4043.9848484848485
1124,6544.0
1125,6770.764705882353
1126,3486.060975609756
1127,5417.261904761905
1128,5042.282608695652
1129,4194.18556701031
1130,4456.948717948718
1131,3643.7716049382716
1132,5426.3125
1133,6406.866666666667
1134,4008.0461538461536
1135,4704.710144927536
1136,6619.307692307692
1137,3624.6470588235293
1138,4348.175141242938
1139,4704.1
1140,4505.925373134329
1141,5780.173913043478
1142,3601.7105263157896
1143,3723.784722222222
1144,4646.768292682927
1145,4447.3564356435645
1146,6107.021739130435
1147,3920.3118279569894
1148,6239.3421052631575
1149,4073.8939393939395
1150,5941.0
1151,7861.9
1152,3402.0731707317073
1153,4970.666666666667
1154,5156.744680851064
1155,4152.736363636363
1156,4259.98
1157,3713.17880794702
1158,5207.851063829788
1159,6401.923076923077
1160,4004.4776119402986
1161,4680.585714285714
1162,6330.086206896552
1163,3597.730769230769
1164,4356.198630136986
1165,4822.076923076923
1166,4426.417391304348
1167,5290.015625
1168,3492.890243902439
1169,3795.5087719298244
1170,4757.0344827586205
1171,4563.723214285715
1172,5871.916666666667
1173,3840.025974025974
1174,6181.878048780488
1175,4114.762711864407
1176,6449.166666666667
1177,6847.692307692308
1178,3418.6631578947367
1179,5439.363636363636
1180,4968.243243243243
1181,4177.141414141414
1182,4196.682926829269
1183,3710.6540880503144
1184,5827.815384615385
1185,6112.875
1186,3974.0227272727275
1187,4769.803278688524
1188,6567.567164179104
1189,3525.8076923076924
1190,4412.721804511279
1191,4767.177777777778
1192,4474.5084745762715
1193,5275.567164179104
1194,3466.4972067039107
1195,3808.806896551724
1196,4646.147727272727
1197,4540.4111111111115
1198,5949.757575757576
1199,3785.3174603174602
1200,6449.077922077922
1201,4047.5714285714284
1202,6239.25
1203,7903.416666666667
1204,3523.443181818182
1205,5495.585365853659
1206,5422.294117647059
1207,4215.0123456790125
1208,4187.131578947368
1209,3748.007462686567
1210,5541.66037735849
1211,5827.5
1212,3935.4423076923076
1213,4670.646551724138
1214,6265.54347826087
1215,3679.0169491525426
1216,4342.0
1217,4690.675675675676
1218,4479.243902439024
1219,5574.438596491228
1220,3522.375
1221,3720.413223140496
1222,4822.0
1223,4564.011111111111
1224,5688.421052631579
1225,3902.725490196078
1226,6404.585714285714
1227,4129.86
1228,6562.75
1229,7413.428571428572
1230,3488.0153846153844
1231,5092.068965517241
1232,5010.1
1233,4179.457627118644
1234,4281.925925925926
1235,3649.27
1236,5364.717948717948
1237,6340.25
1238,3970.9285714285716
1239,4797.446601941748
1240,6546.15
1241,3612.529411764706
1242,4324.268518518518
1243,4865.733333333334
1244,4430.135802469136
1245,4941.416666666667
1246,3479.76
1247,3847.7157894736843
1248,4448.5675675675675
1249,4570.658536585366
1250,5900.333333333333
1251,3935.9117647058824
1252,6197.787234042553
1253,4052.1666666666665
1254,6263.0
1255,7872.071428571428
1256,3487.0886075949365
1257,5266.758620689655
1258,5125.257142857143
1259,4038.132075471698
1260,4435.428571428572
1261,3695.920353982301
1262,5720.275
1263,5537.923076923077
1264,4004.2093023255816
1265,4863.544444444445
1266,6851.580645161291
1267,3667.078431372549
1268,4418.213675213675
1269,4767.111111111111
1270,4302.771428571428
1271,5417.297872340426
1272,3501.3082191780823
1273,3948.094017094017
1274,4633.1578947368425
1275,4487.081395348837
1276,5763.571428571428
1277,3876.310344827586
1278,6433.571428571428
1279,4148.1612903225805
1280,6425.0
1281,6525.142857142857
1282,3489.3571428571427
1283,5411.53125
1284,5240.454545454545
1285,4030.75
1286,4068.054054054054
1287,3704.105769230769
1288,5290.333333333333
1289,5748.5
1290,3928.1428571428573
1291,4843.13698630137
1292,6353.444444444444
1293,3633.2162162162163
1294,4357.351351351352
1295,4827.227272727273
1296,4560.159420289855
1297,5297.326086956522
1298,3587.8198198198197
1299,3867.011111111111
1300,4469.962962962963
1301,4371.3536585365855
1302,5693.105263157895
1303,3850.0746268656717
1304,6148.913978494624
1305,4167.215384615384
1306,6537.428571428572
1307,6864.4375
1308,3419.1447368421054
1309,5054.775
1310,5016.186046511628
1311,4091.25
1312,4301.916666666667
1313,3695.035714285714
1314,5668.6875
1315,5854.25
1316,3944.3023255813955
1317,5000.232558139535
1318,6759.6578947368425
1319,3711.0882352941176
1320,4510.451327433629
1321,4753.1578947368425
1322,4532.413043478261
1323,5421.824561403509
1324,3595.9136690647483
1325,3893.3846153846152
1326,4401.788888888889
1327,4445.40206185567
1328,5963.90625
1329,3888.3
1330,6206.0722891566265
1331,4241.96875
1332,6410.666666666667
1333,7592.0625
1334,3457.1
1335,4922.764705882353
1336,4974.479166666667
1337,4136.644736842105
1338,4232.1
1339,3701.8968253968255
1340,5650.2830188679245
1341,5881.4
1342,3924.6530612244896
1343,4830.629310344828
1344,6243.893617021276
1345,3698.109375
1346,4486.688888888889
1347,4865.3
1348,4448.305970149254
1349,5136.0
1350,3481.5496688741723
1351,3967.365671641791
1352,4645.530120481928
1353,4327.564356435643
1354,5743.071428571428
1355,3833.4505494505493
1356,6204.121951219512
1357,4172.941176470588
1358,6431.4
1359,7101.111111111111
1360,3432.8333333333335
1361,4981.68085106383
1362,4982.0
1363,4204.173076923077
1364,4031.4523809523807
1365,3735.906976744186
1366,5608.690909090909
1367,5678.785714285715
1368,3909.3137254901962
1369,4848.431192660551
1370,6531.558823529412
1371,3775.75
1372,4462.194444444444
1373,4702.064516129032
1374,4484.098360655737
1375,5290.120689655172
1376,3566.4736842105262
1377,3903.205479452055
1378,4217.923076923077
1379,4388.4795918367345
1380,5724.054054054054
1381,3766.120879120879
1382,6462.693548387097
1383,4219.887096774193
1384,6236.0
1385,7281.444444444444
1386,3439.3972602739727
1387,5139.882352941177
1388,4861.428571428572
1389,4209.363636363636
1390,4113.946428571428
1391,3756.7305389221556
1392,5835.537037037037
1393,5797.625
1394,4076.55
1395,4784.8190476190475
1396,6687.865384615385
1397,3768.677966101695
1398,4549.114457831325
1399,4831.470588235294
1400,4567.279069767442
1401,5282.232142857143
1402,3498.281045751634
1403,4052.4384615384615
1404,4285.761363636364
1405,4344.045454545455
1406,6012.9047619047615
1407,3802.5
1408,6382.1558441558445
1409,4049.0476190476193
1410,6387.75
1411,7739.764705882353
1412,3502.287356321839
1413,5209.0625
1414,4676.6875
1415,4305.09375
1416,4011.4736842105262
1417,3821.4371859296484
1418,5697.375
1419,5814.625
1420,3978.5438596491226
1421,4881.596153846154
1422,6556.68253968254
1423,3721.212121212121
1424,4547.377142857143
1425,4737.9375
1426,4519.413043478261
1427,4759.607142857143
1428,3560.6408450704225
1429,4005.4674556213017
1430,4475.842696629214
1431,4343.782051282052
1432,5913.0
1433,3875.876923076923
1434,6197.149425287356
1435,4141.135135135135
1436,6580.0
1437,7845.882352941177
1438,3464.0714285714284
1439,5014.4324324324325
1440,5145.125
1441,4297.9
1442,4052.186046511628
1443,3748.7676056338028
1444,5500.685185185185
1445,5874.636363636364
1446,4038.5853658536585
1447,4964.956043956044
1448,6155.644444444444
1449,3865.901960784314
1450,4675.04
1451,4780.322580645161
1452,4602.363636363636
1453,4988.5
1454,3569.893854748603
1455,4084.5112359550562
1456,4593.3975903614455
1457,4505.266666666666
1458,5823.057142857143
1459,3891.15625
1460,6477.236111111111
1461,4159.720588235294
1462,6349.5
1463,7546.083333333333
1464,3433.7176470588233
1465,5075.475
1466,4985.232558139535
1467,4141.574468085107
1468,4118.891891891892
1469,3850.659090909091
1470,5529.636363636364
1471,5137.3
1472,4171.068181818182
1473,4823.728395061728
1474,6465.090909090909
1475,3802.9454545454546
1476,4609.463576158941
1477,4806.961538461538
1478,4540.263636363637
1479,4898.391304347826
1480,3613.2671232876714
1481,3987.9509202453987
1482,4571.390243902439
1483,4414.098214285715
1484,5496.051282051282
1485,3873.73417721519
1486,5872.07
1487,4171.645833333333
1488,6173.125
1489,7020.0
1490,3511.0348837209303
1491,5002.531914893617
1492,4893.666666666667
1493,4163.166666666667
1494,4134.653846153846
1495,3766.5459770114944
1496,5923.068181818182
1497,6248.875
1498,4330.370967741936
1499,4750.265306122449
1500,6162.9
1501,3860.0615384615385
1502,4673.772020725389
1503,4895.2
1504,4767.469387755102
1505,5320.92
1506,3538.5597484276727
1507,4072.512195121951
1508,4603.517241379311
1509,4433.873949579832
1510,5640.0
1511,3729.2156862745096
1512,6278.423728813559
1513,4339.625
1514,6603.8
1515,7713.416666666667
1516,3579.5
1517,5116.424242424242
1518,5043.729166666667
1519,4196.359550561798
1520,4152.488372093023
1521,3844.787878787879
1522,5995.416666666667
1523,5526.909090909091
1524,4445.245614035088
1525,5014.049019607844
1526,6360.020833333333
1527,3806.3703703703704
1528,4631.406779661017
1529,4591.1578947368425
1530,4678.114864864865
1531,4820.797101449275
1532,3563.711656441718
1533,3947.3037974683543
1534,4244.021978021978
1535,4337.012987012987
1536,5736.470588235294
1537,3932.314814814815
1538,6419.822580645161
1539,4313.155963302752
1540,6551.0
1541,7315.823529411765
1542,3517.901234567901
1543,4874.6551724137935
1544,4570.705882352941
1545,4453.7625
1546,4057.048780487805
1547,3980.6923076923076
1548,5645.45
1549,5430.583333333333
1550,4471.571428571428
1551,4901.380952380952
1552,6426.463414634146
1553,3884.340425531915
1554,4561.661870503597
1555,4792.0
1556,4748.516393442623
1557,4923.774193548387
1558,3548.216417910448
1559,3954.967213114754
1560,4442.482758620689
1561,4410.6355140186915
1562,5645.75
1563,3874.5714285714284
1564,6968.295081967213
1565,4281.922330097087
1566,6333.25
1567,6085.142857142857
1568,3458.012658227848
1569,5952.205882352941
1570,4590.844444444445
1571,4342.473684210527
1572,4109.315789473684
1573,3779.355072463768
1574,5408.7959183673465
1575,5178.454545454545
1576,4606.710144927536
1577,4948.848484848485
1578,6029.977272727273
1579,3859.837837837838
1580,4517.428571428572
1581,4818.69696969697
1582,4612.062992125984
1583,4803.781818181818
1584,3594.312977099237
1585,4029.9166666666665
1586,4631.376623376624
1587,4417.166666666667
1588,5613.37037037037
1589,3758.5535714285716
1590,6338.586206896552
1591,4330.605263157895
1592,
1593,7039.4
1594,3539.5081967213114
1595,6109.340909090909
1596,4646.921052631579
1597,4426.357142857143
1598,3793.259259259259
1599,3858.495575221239
1600,5240.612903225807
1601,5563.5
1602,4373.138461538461
1603,4892.109756097561
1604,6743.78431372549
1605,3851.878048780488
1606,4634.450617283951
1607,4427.793103448276
1608,4702.232558139535
1609,5005.128205128205
1610,3636.4770642201834
1611,4005.4666666666667
1612,4575.076923076923
1613,4454.803921568628
1614,5596.275
1615,3846.5789473684213
1616,6274.819444444444
1617,4312.1875
1618,6769.25
1619,6629.384615384615
1620,3520.5822784810125
1621,6184.770833333333
1622,4589.875
1623,4564.329545454545
1624,4227.795454545455
1625,3880.6821705426355
1626,5313.571428571428
1627,5547.875
1628,4483.288461538462
1629,4940.039682539683
1630,5895.674418604651
1631,3877.822222222222
1632,4598.09756097561
1633,4723.032258064516
1634,4667.452380952381
1635,5284.22
1636,3676.4736842105262
1637,3979.4313725490197
1638,4801.588235294118
1639,4157.736842105263
1640,6214.428571428572
1641,3778.3333333333335
1642,5988.5
1643,4336.130434782609
1644,5953.0
1645,
1646,3975.625
1647,5854.25
1648,4155.75
1649,4320.037037037037
1650,4218.0
1651,3959.3125
1652,5160.428571428572
1653,5315.5
1654,4400.25
1655,5120.6
1656,7577.7
1657,3729.1
1658,4509.261904761905
1659,5011.555555555556
1660,4601.142857142857
1661,4352.2307692307695
1662,3616.4285714285716
1663,4065.4615384615386
1664,4565.8
1665,4382.5
1666,5197.5
1667,3815.1
1668,6829.181818181818
1669,4082.9333333333334
1670,6562.5
1671,6632.5
1672,3816.9411764705883
1673,5298.875
1674,4783.0
1675,5034.315789473684
1676,3875.6
1677,4209.666666666667
1678,4883.4
1679,6178.0
1680,4428.25
1681,5176.607142857143
1682,6345.363636363636
1683,3516.5
1684,4475.2307692307695
1685,5270.5
1686,4370.111111111111
1687,4680.083333333333
1688,3522.6428571428573
1689,4166.5161290322585
1690,4524.703389830508
1691,4406.398550724638
1692,5758.162790697675
1693,3924.3888888888887
1694,6109.192307692308
1695,4302.352459016393
1696,6162.5
1697,7066.714285714285
1698,3688.487804878049
1699,4681.018518518518
1700,4903.710144927536
1701,4501.646616541353
1702,3980.866666666667
1703,3748.7102272727275
1704,5277.388888888889
1705,5874.818181818182
1706,4353.670212765957
1707,4868.957746478874
1708,6960.446428571428
1709,3796.1509433962265
1710,4616.45251396648
1711,4738.261904761905
1712,4661.636904761905
1713,5440.375
1714,3569.1
1715,4027.994845360825
1716,4509.5625
1717,4544.456953642384
1718,5851.142857142857
1719,3907.061728395062
1720,6151.929577464789
1721,4487.624060150376
1722,6453.833333333333
1723,7594.0526315789475
1724,3841.719298245614
1725,5823.148648648648
1726,4673.508196721312
1727,4492.692307692308
1728,4057.8490566037735
1729,3977.560810810811
1730,5367.609756097561
1731,5669.5
1732,4491.479166666667
1733,5019.512195121952
1734,6806.0952380952385
1735,3834.483870967742
1736,4670.476923076923
1737,4681.911764705882
1738,4527.764705882353
1739,4511.4078947368425
1740,3643.5939393939393
1741,4029.2906976744184
1742,4650.544554455446
1743,4601.531914893617
1744,5799.545454545455
1745,3946.705882352941
1746,6010.407407407408
1747,4425.241379310345
1748,6692.0
1749,6845.7692307692305
1750,3810.245283018868
1751,5545.85
1752,4864.596153846154
1753,4509.770992366412
1754,4060.936507936508
1755,3900.1310344827584
1756,5381.6
1757,5696.6
1758,4294.181818181818
1759,5007.902173913043
1760,6904.698630136986
1761,3893.32
1762,4596.028925619835
1763,4904.714285714285
1764,4686.0
1765,4716.887096774193
1766,3688.9133333333334
1767,4057.768292682927
1768,4575.413461538462
1769,4624.281045751634
1770,5594.04347826087
1771,3955.6962025316457
1772,6742.780821917808
1773,4438.761061946902
1774,6247.333333333333
1775,7603.954545454545
1776,3931.525641025641
1777,5599.211538461538
1778,5480.875
1779,4530.937062937063
1780,4193.62
1781,4096.176470588235
1782,5387.696428571428
1783,5488.538461538462
1784,4405.49
1785,5011.8421052631575
1786,7559.986666666667
1787,3815.3260869565215
1788,4602.258333333333
1789,4971.136363636364
1790,4682.573604060914
1791,5137.578313253012
1792,3725.2203389830506
1793,4121.971098265896
1794,4769.305882352941
1795,4878.556390977444
1796,5920.823529411765
1797,4151.0
1798,6584.65306122449
1799,4643.949579831933
1800,6105.0
1801,7166.125
1802,3933.5975609756097
1803,6081.5
1804,5742.879310344828
1805,4522.022556390977
1806,4383.9795918367345
1807,4036.9285714285716
1808,5219.174603174603
1809,6026.869565217391
1810,4486.914893617021
1811,5035.544554455446
1812,7433.525641025641
1813,3909.6176470588234
1814,4643.823293172691
1815,4786.056603773585
1816,4716.165803108808
1817,5292.848484848485
1818,3838.464566929134
1819,4246.178571428572
1820,4712.078260869565
1821,4699.688524590164
1822,5547.75
1823,4136.927272727273
1824,6313.233333333334
1825,4528.1505376344085
1826,6386.25
1827,8013.380952380952
1828,4141.376470588235
1829,5871.618421052632
1830,5621.515151515152
1831,4478.908333333334
1832,4640.632653061224
1833,4136.825174825175
1834,5596.208333333333
1835,5417.692307692308
1836,4480.919540229885
1837,5057.635555555556
1838,7318.188405797101
1839,3955.815789473684
1840,4611.2307692307695
1841,4953.195652173913
1842,4780.949367088608
1843,4967.377049180328
1844,3783.7567567567567
1845,4272.213114754099
1846,4801.563829787234
1847,4829.832116788321
1848,5855.521126760564
1849,4208.619047619048
1850,6247.053191489362
1851,4546.4915254237285
1852,6512.0
1853,6361.846153846154
1854,4129.931372549019
1855,5762.984615384616
1856,5339.708333333333
1857,4584.631578947368
1858,4475.894736842105
1859,4246.208333333333
1860,5575.671052631579
1861,5730.3
1862,4560.951807228916
1863,5141.00462962963
1864,7608.475
1865,3941.4285714285716
1866,4697.99203187251
1867,4875.673913043478
1868,4714.815384615385
1869,5161.1463414634145
1870,3953.661870503597
1871,4334.688
1872,4955.784946236559
1873,4892.735099337749
1874,5951.927272727273
1875,4212.909090909091
1876,6396.0
1877,4627.583333333333
1878,6159.916666666667
1879,6928.608695652174
1880,4192.922413793103
1881,5942.585714285714
1882,5550.421875
1883,4606.973214285715
1884,4680.045454545455
1885,4122.63829787234
1886,5591.579710144928
1887,6161.875
1888,4505.863157894737
1889,5176.5550847457625
1890,7426.284090909091
1891,4218.684210526316
1892,4794.933609958506
1893,4969.433333333333
1894,4665.158730158731
1895,5291.835443037975
1896,4071.0535714285716
1897,4368.4
1898,4713.866666666667
1899,4933.74358974359
1900,6026.02
1901,4348.843137254902
1902,6421.447058823529
1903,4877.95744680851
1904,6582.142857142857
1905,8333.0
1906,4328.9473684210525
1907,6166.6
1908,5586.481481481482
1909,4596.053097345132
1910,4646.452830188679
1911,4301.466666666666
1912,5481.436363636363
1913,5820.0
1914,4633.279411764706
1915,5171.695652173913
1916,7323.421052631579
1917,4269.361111111111
1918,4767.424390243902
1919,5108.735294117647
1920,4816.529411764706
1921,6081.0952380952385
1922,4033.2871287128714
1923,4373.94214876033
1924,4858.977777777778
1925,5119.977443609023
1926,5909.176470588235
1927,4408.737704918033
1928,6861.010989010989
1929,4631.010638297872
1930,6783.888888888889
1931,7843.413793103448
1932,4411.496183206107
1933,5773.538461538462
1934,5241.238095238095
1935,4822.1953125
1936,4560.686274509804
1937,4282.21875
1938,5959.027777777777
1939,5832.166666666667
1940,4783.37037037037
1941,5217.551724137931
1942,7464.041666666667
1943,4309.642857142857
1944,4846.279411764706
1945,5221.09756097561
1946,4977.140449438202
1947,5738.777777777777
1948,4127.171641791045
1949,4444.893081761006
1950,4874.279069767442
1951,5067.238805970149
1952,5930.610169491525
1953,4367.186440677966
1954,6610.875
1955,4692.064935064935
1956,6314.0
1957,8223.833333333334
1958,4477.266666666666
1959,5827.0
1960,5750.539473684211
1961,4924.7322834645665
1962,4675.395833333333
1963,4399.426086956521
1964,5605.15
1965,6043.571428571428
1966,4801.861111111111
1967,5221.614718614718
1968,7628.919354838709
1969,4432.615384615385
1970,4908.858974358975
1971,5227.7692307692305
1972,5152.923913043478
1973,5686.788732394366
1974,4153.36220472441
1975,4570.287671232877
1976,5145.833333333333
1977,5024.36974789916
1978,6288.026315789473
1979,4589.872340425532
1980,7023.674698795181
1981,4957.446153846154
1982,6424.142857142857
1983,8758.111111111111
1984,4675.134453781513
1985,6745.666666666667
1986,6001.595744680851
1987,4938.164948453608
1988,4585.117647058823
1989,4509.34
1990,5795.2807017543855
1991,5927.875
1992,4823.379310344828
1993,5251.227513227514
1994,7768.091954022989
1995,4339.3421052631575
1996,5022.115151515151
1997,5047.057142857143
1998,5133.34074074074
1999,5928.476923076923
2000,4268.654135338345
2001,4651.436170212766
2002,4815.272727272727
2003,5016.90625
2004,6032.142857142857
2005,4675.1875
2006,6490.617021276596
2007,4706.910256410257
2008,6699.833333333333
2009,8345.611111111111
2010,4591.722222222223
2011,5911.785714285715
2012,5585.327272727272
2013,4936.239669421488
2014,4810.355555555556
2015,4520.141666666666
2016,6121.113924050633
2017,6326.04347826087
2018,4849.652173913043
2019,5298.926724137931
2020,7862.6875
2021,4340.5609756097565
2022,5027.0
2023,5649.923076923077
2024,4908.901960784314
2025,5924.466666666666
2026,4311.726618705036
2027,4713.603773584906
2028,5118.789473684211
2029,5098.925925925926
2030,6009.531914893617
2031,4701.513888888889
2032,6734.637254901961
2033,4892.264705882353
2034,6701.25
2035,7985.909090909091
2036,4598.006578947368
2037,6467.323529411765
2038,5594.5
2039,4999.119718309859
2040,4652.808510638298
2041,4514.751824817518
2042,6043.358974358975
2043,6118.619047619048
2044,4967.388059701492
2045,5340.716049382716
2046,7458.905263157894
2047,4350.867924528302
2048,5056.702205882353
2049,5340.782608695652
2050,5016.550505050505
2051,5526.234375
2052,4343.01282051282
2053,4671.342857142857
2054,5201.137254901961
2055,5262.889705882353
2056,6211.777777777777
2057,4890.80303030303
2058,6927.1322314049585
2059,4938.675324675325
2060,7062.428571428572
2061,8811.380952380952
2062,4742.7588235294115
2063,6688.982758620689
2064,5791.4375
2065,4998.504
2066,4886.31914893617
2067,4565.331168831169
2068,6296.479166666667
2069,6068.75
2070,4853.009523809524
2071,5363.4945848375455
2072,7389.93670886076
2073,4534.772727272727
2074,5198.68458781362
2075,5221.653846153846
2076,5074.062827225131
2077,5453.304347826087
2078,4399.214689265536
2079,4692.660130718954
2080,5024.823529411765
2081,5084.957142857143
2082,6248.921568627451
2083,4964.516666666666
2084,7288.36170212766
2085,4985.392857142857
2086,6477.333333333333
2087,7720.304347826087
2088,4774.408450704225
2089,6467.826923076923
2090,6046.120689655172
2091,5058.539682539683
2092,4746.155555555555
2093,4605.893939393939
2094,6350.24358974359
2095,6038.6875
2096,4985.887640449439
2097,5380.957983193277
2098,7610.873684210526
2099,4578.935483870968
2100,5172.799086757991
2101,5325.318181818182
2102,5221.370192307692
2103,5668.684931506849
2104,4473.615942028986
2105,4719.729032258065
2106,5123.959595959596
2107,5304.702290076336
2108,6384.075
2109,5003.184210526316
2110,6815.48695652174
2111,4937.765957446809
2112,6398.0
2113,8732.5
2114,4750.702898550725
2115,6531.967741935484
2116,5758.107142857143
2117,4994.6057692307695
2118,4858.363636363636
2119,4755.719424460432
2120,6639.742424242424
2121,6135.1578947368425
2122,5035.9857142857145
2123,5471.692307692308
2124,7427.197802197802
2125,4626.414634146341
2126,5188.047619047619
2127,5426.394736842105
2128,5165.587939698493
2129,5692.644444444444
2130,4387.847328244275
2131,4912.534090909091
2132,5227.823529411765
2133,5095.688405797101
2134,6126.75
2135,4979.5901639344265
2136,7316.650485436893
2137,5093.608695652174
2138,6365.5
2139,8873.826086956522
2140,4912.166666666667
2141,6537.467741935484
2142,5821.0
2143,5292.993288590604
2144,5045.661016949152
2145,4747.311320754717
2146,6876.035714285715
2147,6176.0
2148,4880.454545454545
2149,5568.331818181819
2150,7170.6760563380285
2151,4618.681818181818
2152,5286.174796747968
2153,5473.58
2154,5142.489247311828
2155,6160.3
2156,4519.0965517241375
2157,4911.671957671958
2158,5503.56
2159,5218.897637795276
2160,6471.414634146341
2161,5022.101449275362
2162,7089.866666666667
2163,4928.455555555555
2164,6552.142857142857
2165,8679.962962962964
2166,4970.651515151515
2167,7337.0392156862745
2168,5954.0
2169,5353.212598425197
2170,5117.083333333333
2171,4742.87962962963
2172,6921.465909090909
2173,6377.263157894737
2174,4865.346153846154
2175,5539.041666666667
2176,7495.79104477612
2177,4756.166666666667
2178,5334.730290456431
2179,5448.5609756097565
2180,5283.571428571428
2181,5883.728571428572
2182,4604.4375
2183,4971.111111111111
2184,5288.731707317073
2185,5433.943089430894
2186,6382.085106382979
2187,5143.746987951808
2188,7132.8536585365855
2189,4999.516483516483
2190,6649.285714285715
2191,8470.375
2192,4884.474358974359
2193,6275.327868852459
2194,5704.864406779661
2195,5329.445205479452
2196,4816.636363636364
2197,4678.7172413793105
2198,6917.4
2199,6345.666666666667
2200,5213.986842105263
2201,5553.864077669903
2202,7486.935064935065
2203,4964.683333333333
2204,5452.090497737557
2205,5459.675
2206,5240.21472392638
2207,5993.295081967213
2208,4654.113821138211
2209,5005.94623655914
2210,5274.259259259259
2211,5139.926315789474
2212,6310.266666666666
2213,5336.722222222223
2214,7572.857142857143
2215,4987.434782608696
2216,7114.75
2217,8263.363636363636
2218,4849.587628865979
2219,7005.733333333334
2220,5723.12962962963
2221,5219.252747252747
2222,4922.0
2223,4858.393162393162
2224,7408.223880597015
2225,6016.363636363636
2226,4994.138888888889
2227,5596.858208955224
2228,7265.859649122807
2229,5309.204545454545
2230,5419.5
2231,5814.275
2232,5342.968992248062
2233,6027.576923076923
2234,4663.581395348837
2235,5047.906976744186
2236,5699.20987654321
2237,5085.580645161291
2238,6526.222222222223
2239,5172.820895522388
2240,7072.695652173913
2241,4972.855555555556
2242,7047.25
2243,8139.421052631579
2244,4899.711267605634
2245,6730.393939393939
2246,5916.056338028169
2247,5416.293650793651
2248,4998.153846153846
2249,4768.623931623932
2250,7038.04
2251,6272.285714285715
2252,5128.671875
2253,5697.957575757576
2254,7564.887096774193
2255,4943.754098360656
2256,5376.9157894736845
2257,5750.970588235294
2258,5397.343511450382
2259,6230.195121951219
2260,4707.8448275862065
2261,5173.79375
2262,6029.592592592592
2263,5388.484375
2264,6508.6578947368425
2265,5453.986301369863
2266,6874.20652173913
2267,5214.744680851064
2268,6728.2
2269,8701.9375
2270,4973.299212598426
2271,6780.953846153846
2272,5830.45
2273,5417.382608695652
2274,5133.885714285714
2275,4875.848920863309
2276,7375.4
2277,6101.611111111111
2278,5028.5
2279,5741.528089887641
2280,7925.56
2281,5120.12962962963
2282,5491.153465346535
2283,5745.7
2284,5376.787671232877
2285,6107.984375
2286,4636.978260869565
2287,5181.477707006369
2288,5928.333333333333
2289,5476.150442477876
2290,6724.314285714286
2291,5495.20895522388
2292,7176.582417582417
2293,5110.260869565217
2294,7254.0
2295,8572.875
2296,4998.504587155963
2297,6890.867924528302
2298,6003.085106382979
2299,5479.704761904762
2300,5118.9
2301,5045.342281879195
2302,7427.616279069767
2303,6184.705882352941
2304,5022.776119402985
2305,5827.831081081081
2306,7652.870967741936
2307,5448.2807017543855
2308,5551.325
2309,5768.121212121212
2310,5446.222222222223
2311,6491.802816901409
2312,4742.013513513513
2313,5225.727848101265
2314,6386.780219780219
2315,5432.5268817204305
2316,6955.0
2317,5672.824324324324
2318,7300.891566265061
2319,5260.51282051282
2320,6315.0
2321,8233.1
2322,4978.625
2323,6567.4375
2324,6145.479166666667
2325,5515.324074074074
2326,5129.707317073171
2327,4857.582191780822
2328,7602.310810810811
2329,6281.533333333334
2330,5224.602739726028
2331,5831.913580246914
2332,7880.457627118644
2333,5298.473684210527
2334,5654.027777777777
2335,5840.818181818182
2336,5491.552447552447
2337,6418.6
2338,4837.887417218543
2339,5197.594594594595
2340,6091.354166666667
2341,5518.346456692913
2342,6807.489361702128
2343,5546.545454545455
2344,6807.114942528736
2345,5193.540540540541
2346,6882.0
2347,7537.428571428572
2348,4969.330097087379
2349,6560.722222222223
2350,5925.65
2351,5653.391666666666
2352,5188.142857142857
2353,4994.175182481752
2354,7322.090909090909
2355,6665.1875
2356,5128.935064935065
2357,5922.550264550265
2358,7902.166666666667
2359,5347.540983606557
2360,5717.484444444444
2361,5928.487804878048
2362,5636.221428571429
2363,6714.215909090909
2364,4816.4647887323945
2365,5152.725274725275
2366,5650.557692307692
2367,5388.698529411765
2368,6663.033333333334
2369,5360.909090909091
2370,7228.292682926829
2371,5210.623529411765
2372,6320.5
2373,7835.941176470588
2374,5082.84375
2375,6705.482142857143
2376,6088.2962962962965
2377,5609.311926605505
2378,5047.036363636364
2379,4965.422222222222
2380,7381.136363636364
2381,6616.764705882353
2382,5225.693548387097
2383,5903.047244094489
2384,7798.622950819672
2385,5599.8490566037735
2386,5706.188405797101
2387,5628.916666666667
2388,5640.205298013245
2389,6837.698924731183
2390,4994.841176470588
2391,5220.137254901961
2392,6217.73
2393,5630.121212121212
2394,6753.470588235294
2395,5683.698795180723
2396,7355.023529411765
2397,5274.931818181818
2398,7072.142857142857
2399,7769.962962962963
2400,5137.951388888889
2401,6752.023809523809
2402,5957.841269841269
2403,5607.61475409836
2404,5106.0
2405,5100.8490566037735
2406,7594.320987654321
2407,6222.809523809524
2408,5237.424242424242
2409,6020.8877551020405
2410,8227.955056179775
2411,5557.15625
2412,5834.577464788732
2413,5954.175
2414,5610.6107382550335
2415,7103.962025316456
2416,5085.425641025641
2417,5285.686274509804
2418,6092.257142857143
2419,5529.010752688172
2420,7051.815789473684
2421,5435.382716049383
2422,7573.5921052631575
2423,5339.847457627118
2424,7536.666666666667
2425,9565.153846153846
2426,5037.234042553191
2427,6732.51282051282
2428,6314.75
2429,5530.418918918919
2430,5037.517241379311
2431,5036.5
2432,7450.628205128205
2433,6884.166666666667
2434,5200.378787878788
2435,6207.3175675675675
2436,7654.384615384615
2437,5786.026315789473
2438,5735.5741935483875
2439,6122.35294117647
2440,5687.251908396946
2441,6889.228571428572
2442,5259.103896103896
2443,5369.757352941177
2444,6060.323529411765
2445,5719.732673267326
2446,6807.964285714285
2447,5830.546875
2448,7327.4915254237285
2449,5364.897435897436
2450,7135.4
2451,8379.157894736842
2452,5094.953271028037
2453,6602.228571428572
2454,6324.596491228071
2455,5625.158878504673
2456,5197.170731707317
2457,5124.624113475177
2458,7301.731343283582
2459,6729.214285714285
2460,5365.862068965517
2461,6199.929411764706
2462,8069.0
2463,5752.233766233766
2464,5739.586419753086
2465,5991.914285714286
2466,5726.6510067114095
2467,6488.083333333333
2468,5208.238805970149
2469,5303.660714285715
2470,6623.620253164557
2471,5605.826530612245
2472,7083.451612903225
2473,5712.173333333333
2474,7337.09375
2475,5179.329113924051
2476,7538.6
2477,8198.07142857143
2478,5080.803418803419
2479,6429.065217391304
2480,5991.606060606061
2481,5537.854368932039
2482,5337.285714285715
2483,5111.232876712329
2484,7110.423728813559
2485,6399.047619047619
2486,5508.7692307692305
2487,6245.2032967032965
2488,7754.066666666667
2489,5734.95744680851
2490,5842.688888888889
2491,5842.818181818182
2492,5683.787096774194
2493,6485.166666666667
2494,5334.699507389162
2495,5380.987341772152
2496,6413.758333333333
2497,5634.705882352941
2498,6939.032258064516
2499,6117.581818181819
2500,7901.174757281553
2501,5499.606557377049
2502,7294.25
2503,8361.57142857143
2504,5101.311475409836
2505,6792.430555555556
2506,6044.579710144928
2507,5702.047619047619
2508,5147.155555555555
2509,5153.025974025974
2510,7101.177777777778
2511,6765.64705882353
2512,5249.528571428571
2513,6298.435
2514,7970.821428571428
2515,5761.521739130435
2516,5914.891719745223
2517,5975.311111111111
2518,5705.153846153846
2519,6845.619047619048
2520,5207.798283261803
2521,5398.44019138756
2522,6130.235294117647
2523,5677.009900990099
2524,6978.363636363636
2525,6217.413333333333
2526,7496.80701754386
2527,5365.409090909091
2528,6969.5
2529,8318.944444444445
2530,5087.853932584269
2531,6386.522727272727
2532,6148.521739130435
2533,5594.432989690722
2534,5317.473684210527
2535,4953.596153846154
2536,7089.830508474576
2537,6338.666666666667
2538,5335.486486486487
2539,6211.325153374233
2540,7943.780487804878
2541,5823.466666666666
2542,5802.349593495935
2543,6141.64705882353
2544,5630.461538461538
2545,6637.621212121212
2546,5169.090909090909
2547,5538.413333333333
2548,6273.081395348837
2549,5793.744
2550,7183.974358974359
2551,6257.513274336283
2552,7918.623376623376
2553,5423.707692307692
2554,7409.5
2555,8705.238095238095
2556,4944.950495049505
2557,6983.0625
2558,6196.313432835821
2559,5662.965811965812
2560,5215.666666666667
2561,5107.561983471074
2562,7202.357142857143
2563,6591.375
2564,5318.533333333334
2565,6309.106382978724
2566,8105.441176470588
2567,5704.481012658228
2568,5955.717948717948
2569,6116.785714285715
2570,5856.130177514793
2571,6791.64
2572,5294.744318181818
2573,5370.9177215189875
2574,6153.630136986301
2575,5918.963302752293
2576,7190.029411764706
2577,6230.741007194245
2578,7912.825581395349
2579,5376.038461538462
2580,7210.5
2581,9549.923076923076
2582,5014.020833333333
2583,6833.302325581395
2584,6356.127659574468
2585,5698.344086021505
2586,5122.717948717948
2587,5150.884615384615
2588,6976.77108433735
2589,6551.916666666667
2590,5596.148148148148
2591,6355.898395721925
2592,8056.54
2593,5871.733333333334
2594,6091.067039106145
2595,5881.75
2596,5819.418604651163
2597,6889.753846153846
2598,5165.859550561798
2599,5480.950920245399
2600,6412.393939393939
2601,5636.648648648648
2602,6890.6
2603,6029.880952380952
2604,7787.04347826087
2605,5685.047619047619
2606,
2607,12957.0
2608,5265.606060606061
2609,7498.555555555556
2610,6880.384615384615
2611,5689.935483870968
2612,5203.8
2613,5242.517241379311
2614,7376.136363636364
2615,7322.75
2616,5072.0
2617,6422.28
2618,8905.333333333334
2619,5901.068965517241
2620,5756.68085106383
2621,5966.111111111111
2622,6007.542857142857
2623,6483.2
2624,5176.162790697675
2625,5442.081632653061
