month,town,resale_price
2015-01-01,ANG MO KIO,820000.0
2015-01-01,BEDOK,840000.0
2015-01-01,BISHAN,851000.0
2015-01-01,BUKIT BATOK,728000.0
2015-01-01,BUKIT MERAH,842000.0
2015-01-01,BUKIT PANJANG,768000.0
2015-01-01,BUKIT TIMAH,855000.0
2015-01-01,CENTRAL AREA,850000.0
2015-01-01,CHOA CHU KANG,620000.0
2015-01-01,CLEMENTI,675000.0
2015-01-01,GEYLANG,790000.0
2015-01-01,HOUGANG,780000.0
2015-01-01,JURONG EAST,678000.0
2015-01-01,JURONG WEST,630000.0
2015-01-01,KALLANG/WHAMPOA,760000.0
2015-01-01,MARINE PARADE,800000.0
2015-01-01,PASIR RIS,775000.0
2015-01-01,PUNGGOL,540000.0
2015-01-01,QUEENSTOWN,825000.0
2015-01-01,SEMBAWANG,540000.0
2015-01-01,SENGKANG,600000.0
2015-01-01,SERANGOON,695000.0
2015-01-01,TAMPINES,730000.0
2015-01-01,TOA PAYOH,730000.0
2015-01-01,WOODLANDS,600000.0
2015-01-01,YISHUN,550000.0
2015-02-01,ANG MO KIO,810888.0
2015-02-01,BEDOK,698000.0
2015-02-01,BISHAN,825000.0
2015-02-01,BUKIT BATOK,683000.0
2015-02-01,BUKIT MERAH,846198.0
2015-02-01,BUKIT PANJANG,610000.0
2015-02-01,BUKIT TIMAH,
2015-02-01,CENTRAL AREA,855000.0
2015-02-01,CHOA CHU KANG,595000.0
2015-02-01,CLEMENTI,700000.0
2015-02-01,GEYLANG,710000.0
2015-02-01,HOUGANG,825000.0
2015-02-01,JURONG EAST,618000.0
2015-02-01,JURONG WEST,645000.0
2015-02-01,KALLANG/WHAMPOA,710000.0
2015-02-01,MARINE PARADE,750000.0
2015-02-01,PASIR RIS,655000.0
2015-02-01,PUNGGOL,555000.0
2015-02-01,QUEENSTOWN,850000.0
2015-02-01,SEMBAWANG,535000.0
2015-02-01,SENGKANG,655000.0
2015-02-01,SERANGOON,680000.0
2015-02-01,TAMPINES,780000.0
2015-02-01,TOA PAYOH,728000.0
2015-02-01,WOODLANDS,600000.0
2015-02-01,YISHUN,586000.0
2015-03-01,ANG MO KIO,810000.0
2015-03-01,BEDOK,810000.0
2015-03-01,BISHAN,860000.0
2015-03-01,BUKIT BATOK,800000.0
2015-03-01,BUKIT MERAH,816000.0
2015-03-01,BUKIT PANJANG,670888.0
2015-03-01,BUKIT TIMAH,380000.0
2015-03-01,CENTRAL AREA,855000.0
2015-03-01,CHOA CHU KANG,763000.0
2015-03-01,CLEMENTI,660000.0
2015-03-01,GEYLANG,800000.0
2015-03-01,HOUGANG,820000.0
2015-03-01,JURONG EAST,616000.0
2015-03-01,JURONG WEST,635000.0
2015-03-01,KALLANG/WHAMPOA,770000.0
2015-03-01,MARINE PARADE,850000.0
2015-03-01,PASIR RIS,725000.0
2015-03-01,PUNGGOL,617000.0
2015-03-01,QUEENSTOWN,838000.0
2015-03-01,SEMBAWANG,550000.0
2015-03-01,SENGKANG,640000.0
2015-03-01,SERANGOON,820000.0
2015-03-01,TAMPINES,775000.0
2015-03-01,TOA PAYOH,848000.0
2015-03-01,WOODLANDS,612000.0
2015-03-01,YISHUN,515000.0
2015-04-01,ANG MO KIO,780000.0
2015-04-01,BEDOK,725000.0
2015-04-01,BISHAN,812000.0
2015-04-01,BUKIT BATOK,630000.0
2015-04-01,BUKIT MERAH,828000.0
2015-04-01,BUKIT PANJANG,753000.0
2015-04-01,BUKIT TIMAH,820000.0
2015-04-01,CENTRAL AREA,860000.0
2015-04-01,CHOA CHU KANG,570000.0
2015-04-01,CLEMENTI,740000.0
2015-04-01,GEYLANG,785000.0
2015-04-01,HOUGANG,800000.0
2015-04-01,JURONG EAST,660000.0
2015-04-01,JURONG WEST,660000.0
2015-04-01,KALLANG/WHAMPOA,800000.0
2015-04-01,MARINE PARADE,835000.0
2015-04-01,PASIR RIS,680000.0
2015-04-01,PUNGGOL,548000.0
2015-04-01,QUEENSTOWN,858000.0
2015-04-01,SEMBAWANG,535000.0
2015-04-01,SENGKANG,612888.0
2015-04-01,SERANGOON,855000.0
2015-04-01,TAMPINES,773000.0
2015-04-01,TOA PAYOH,838000.0
2015-04-01,WOODLANDS,600000.0
2015-04-01,YISHUN,590000.0
2015-05-01,ANG MO KIO,835000.0
2015-05-01,BEDOK,810000.0
2015-05-01,BISHAN,793000.0
2015-05-01,BUKIT BATOK,800000.0
2015-05-01,BUKIT MERAH,850000.0
2015-05-01,BUKIT PANJANG,730000.0
2015-05-01,BUKIT TIMAH,860000.0
2015-05-01,CENTRAL AREA,860000.0
2015-05-01,CHOA CHU KANG,605000.0
2015-05-01,CLEMENTI,850000.0
2015-05-01,GEYLANG,818000.0
2015-05-01,HOUGANG,718000.0
2015-05-01,JURONG EAST,815000.0
2015-05-01,JURONG WEST,670000.0
2015-05-01,KALLANG/WHAMPOA,769000.0
2015-05-01,MARINE PARADE,585000.0
2015-05-01,PASIR RIS,735000.0
2015-05-01,PUNGGOL,560000.0
2015-05-01,QUEENSTOWN,815000.0
2015-05-01,SEMBAWANG,548000.0
2015-05-01,SENGKANG,625000.0
2015-05-01,SERANGOON,728000.0
2015-05-01,TAMPINES,782000.0
2015-05-01,TOA PAYOH,858000.0
2015-05-01,WOODLANDS,607000.0
2015-05-01,YISHUN,650000.0
2015-06-01,ANG MO KIO,850000.0
2015-06-01,BEDOK,850000.0
2015-06-01,BISHAN,860000.0
2015-06-01,BUKIT BATOK,795000.0
2015-06-01,BUKIT MERAH,860000.0
2015-06-01,BUKIT PANJANG,675000.0
2015-06-01,BUKIT TIMAH,770000.0
2015-06-01,CENTRAL AREA,860000.0
2015-06-01,CHOA CHU KANG,628000.0
2015-06-01,CLEMENTI,785000.0
2015-06-01,GEYLANG,838000.0
2015-06-01,HOUGANG,830000.0
2015-06-01,JURONG EAST,805000.0
2015-06-01,JURONG WEST,700000.0
2015-06-01,KALLANG/WHAMPOA,838000.0
2015-06-01,MARINE PARADE,733888.0
2015-06-01,PASIR RIS,660000.0
2015-06-01,PUNGGOL,605000.0
2015-06-01,QUEENSTOWN,845000.0
2015-06-01,SEMBAWANG,527000.0
2015-06-01,SENGKANG,610000.0
2015-06-01,SERANGOON,738000.0
2015-06-01,TAMPINES,700000.0
2015-06-01,TOA PAYOH,760000.0
2015-06-01,WOODLANDS,580000.0
2015-06-01,YISHUN,633000.0
2015-07-01,ANG MO KIO,770000.0
2015-07-01,BEDOK,725000.0
2015-07-01,BISHAN,800000.0
2015-07-01,BUKIT BATOK,695000.0
2015-07-01,BUKIT MERAH,840000.0
2015-07-01,BUKIT PANJANG,720000.0
2015-07-01,BUKIT TIMAH,455000.0
2015-07-01,CENTRAL AREA,525000.0
2015-07-01,CHOA CHU KANG,593000.0
2015-07-01,CLEMENTI,738000.0
2015-07-01,GEYLANG,650000.0
2015-07-01,HOUGANG,730000.0
2015-07-01,JURONG EAST,830000.0
2015-07-01,JURONG WEST,655000.0
2015-07-01,KALLANG/WHAMPOA,760000.0
2015-07-01,MARINE PARADE,740000.0
2015-07-01,PASIR RIS,680000.0
2015-07-01,PUNGGOL,630000.0
2015-07-01,QUEENSTOWN,850000.0
2015-07-01,SEMBAWANG,550888.0
2015-07-01,SENGKANG,640000.0
2015-07-01,SERANGOON,730000.0
2015-07-01,TAMPINES,790000.0
2015-07-01,TOA PAYOH,765000.0
2015-07-01,WOODLANDS,560000.0
2015-07-01,YISHUN,615000.0
2015-08-01,ANG MO KIO,670000.0
2015-08-01,BEDOK,765000.0
2015-08-01,BISHAN,750000.0
2015-08-01,BUKIT BATOK,688000.0
2015-08-01,BUKIT MERAH,840000.0
2015-08-01,BUKIT PANJANG,615000.0
2015-08-01,BUKIT TIMAH,740000.0
2015-08-01,CENTRAL AREA,839800.0
2015-08-01,CHOA CHU KANG,583888.0
2015-08-01,CLEMENTI,720000.0
2015-08-01,GEYLANG,830000.0
2015-08-01,HOUGANG,725000.0
2015-08-01,JURONG EAST,750000.0
2015-08-01,JURONG WEST,735000.0
2015-08-01,KALLANG/WHAMPOA,845888.0
2015-08-01,MARINE PARADE,838000.0
2015-08-01,PASIR RIS,755000.0
2015-08-01,PUNGGOL,550000.0
2015-08-01,QUEENSTOWN,850000.0
2015-08-01,SEMBAWANG,550000.0
2015-08-01,SENGKANG,595000.0
2015-08-01,SERANGOON,860000.0
2015-08-01,TAMPINES,750000.0
2015-08-01,TOA PAYOH,855000.0
2015-08-01,WOODLANDS,645000.0
2015-08-01,YISHUN,655000.0
2015-09-01,ANG MO KIO,685000.0
2015-09-01,BEDOK,775000.0
2015-09-01,BISHAN,740000.0
2015-09-01,BUKIT BATOK,780000.0
2015-09-01,BUKIT MERAH,845000.0
2015-09-01,BUKIT PANJANG,630000.0
2015-09-01,BUKIT TIMAH,638000.0
2015-09-01,CENTRAL AREA,858000.0
2015-09-01,CHOA CHU KANG,588000.0
2015-09-01,CLEMENTI,800000.0
2015-09-01,GEYLANG,815000.0
2015-09-01,HOUGANG,780000.0
2015-09-01,JURONG EAST,772000.0
2015-09-01,JURONG WEST,645000.0
2015-09-01,KALLANG/WHAMPOA,835000.0
2015-09-01,MARINE PARADE,750000.0
2015-09-01,PASIR RIS,730000.0
2015-09-01,PUNGGOL,580000.0
2015-09-01,QUEENSTOWN,815000.0
2015-09-01,SEMBAWANG,540000.0
2015-09-01,SENGKANG,630000.0
2015-09-01,SERANGOON,850000.0
2015-09-01,TAMPINES,745000.0
2015-09-01,TOA PAYOH,700000.0
2015-09-01,WOODLANDS,630000.0
2015-09-01,YISHUN,640000.0
2015-10-01,ANG MO KIO,818000.0
2015-10-01,BEDOK,850000.0
2015-10-01,BISHAN,825000.0
2015-10-01,BUKIT BATOK,740000.0
2015-10-01,BUKIT MERAH,850000.0
2015-10-01,BUKIT PANJANG,634000.0
2015-10-01,BUKIT TIMAH,838000.0
2015-10-01,CENTRAL AREA,850000.0
2015-10-01,CHOA CHU KANG,630000.0
2015-10-01,CLEMENTI,830000.0
2015-10-01,GEYLANG,730000.0
2015-10-01,HOUGANG,733000.0
2015-10-01,JURONG EAST,700000.0
2015-10-01,JURONG WEST,710000.0
2015-10-01,KALLANG/WHAMPOA,835000.0
2015-10-01,MARINE PARADE,813000.0
2015-10-01,PASIR RIS,720000.0
2015-10-01,PUNGGOL,560000.0
2015-10-01,QUEENSTOWN,850000.0
2015-10-01,SEMBAWANG,560000.0
2015-10-01,SENGKANG,600000.0
2015-10-01,SERANGOON,780000.0
2015-10-01,TAMPINES,785000.0
2015-10-01,TOA PAYOH,830000.0
2015-10-01,WOODLANDS,625000.0
2015-10-01,YISHUN,608000.0
2015-11-01,ANG MO KIO,700000.0
2015-11-01,BEDOK,840000.0
2015-11-01,BISHAN,858000.0
2015-11-01,BUKIT BATOK,800000.0
2015-11-01,BUKIT MERAH,860000.0
2015-11-01,BUKIT PANJANG,668000.0
2015-11-01,BUKIT TIMAH,715000.0
2015-11-01,CENTRAL AREA,850000.0
2015-11-01,CHOA CHU KANG,640000.0
2015-11-01,CLEMENTI,850000.0
2015-11-01,GEYLANG,832888.0
2015-11-01,HOUGANG,860000.0
2015-11-01,JURONG EAST,790000.0
2015-11-01,JURONG WEST,608000.0
2015-11-01,KALLANG/WHAMPOA,777000.0
2015-11-01,MARINE PARADE,832000.0
2015-11-01,PASIR RIS,700000.0
2015-11-01,PUNGGOL,760000.0
2015-11-01,QUEENSTOWN,830000.0
2015-11-01,SEMBAWANG,537000.0
2015-11-01,SENGKANG,618000.0
2015-11-01,SERANGOON,820000.0
2015-11-01,TAMPINES,745000.0
2015-11-01,TOA PAYOH,788000.0
2015-11-01,WOODLANDS,592000.0
2015-11-01,YISHUN,660000.0
2015-12-01,ANG MO KIO,760000.0
2015-12-01,BEDOK,768000.0
2015-12-01,BISHAN,835000.0
2015-12-01,BUKIT BATOK,685000.0
2015-12-01,BUKIT MERAH,820000.0
2015-12-01,BUKIT PANJANG,700000.0
2015-12-01,BUKIT TIMAH,820000.0
2015-12-01,CENTRAL AREA,835000.0
2015-12-01,CHOA CHU KANG,602500.0
2015-12-01,CLEMENTI,753000.0
2015-12-01,GEYLANG,850000.0
2015-12-01,HOUGANG,748000.0
2015-12-01,JURONG EAST,815000.0
2015-12-01,JURONG WEST,645000.0
2015-12-01,KALLANG/WHAMPOA,812000.0
2015-12-01,MARINE PARADE,800000.0
2015-12-01,PASIR RIS,758000.0
2015-12-01,PUNGGOL,575000.0
2015-12-01,QUEENSTOWN,850000.0
2015-12-01,SEMBAWANG,550000.0
2015-12-01,SENGKANG,673000.0
2015-12-01,SERANGOON,710000.0
2015-12-01,TAMPINES,740000.0
2015-12-01,TOA PAYOH,820000.0
2015-12-01,WOODLANDS,580000.0
2015-12-01,YISHUN,660000.0
2016-01-01,ANG MO KIO,830000.0
2016-01-01,BEDOK,830000.0
2016-01-01,BISHAN,860000.0
2016-01-01,BUKIT BATOK,795000.0
2016-01-01,BUKIT MERAH,850000.0
2016-01-01,BUKIT PANJANG,730000.0
2016-01-01,BUKIT TIMAH,540000.0
2016-01-01,CENTRAL AREA,772888.0
2016-01-01,CHOA CHU KANG,650000.0
2016-01-01,CLEMENTI,768000.0
2016-01-01,GEYLANG,735000.0
2016-01-01,HOUGANG,760000.0
2016-01-01,JURONG EAST,732000.0
2016-01-01,JURONG WEST,700000.0
2016-01-01,KALLANG/WHAMPOA,855000.0
2016-01-01,MARINE PARADE,860000.0
2016-01-01,PASIR RIS,663888.0
2016-01-01,PUNGGOL,595000.0
2016-01-01,QUEENSTOWN,820000.0
2016-01-01,SEMBAWANG,535000.0
2016-01-01,SENGKANG,630000.0
2016-01-01,SERANGOON,848000.0
2016-01-01,TAMPINES,715000.0
2016-01-01,TOA PAYOH,850000.0
2016-01-01,WOODLANDS,640000.0
2016-01-01,YISHUN,630000.0
2016-02-01,ANG MO KIO,810000.0
2016-02-01,BEDOK,850000.0
2016-02-01,BISHAN,710000.0
2016-02-01,BUKIT BATOK,675000.0
2016-02-01,BUKIT MERAH,860000.0
2016-02-01,BUKIT PANJANG,718000.0
2016-02-01,BUKIT TIMAH,653000.0
2016-02-01,CENTRAL AREA,855000.0
2016-02-01,CHOA CHU KANG,613888.0
2016-02-01,CLEMENTI,690000.0
2016-02-01,GEYLANG,786000.0
2016-02-01,HOUGANG,850000.0
2016-02-01,JURONG EAST,668000.0
2016-02-01,JURONG WEST,645000.0
2016-02-01,KALLANG/WHAMPOA,850000.0
2016-02-01,MARINE PARADE,790000.0
2016-02-01,PASIR RIS,625000.0
2016-02-01,PUNGGOL,560000.0
2016-02-01,QUEENSTOWN,814000.0
2016-02-01,SEMBAWANG,525000.0
2016-02-01,SENGKANG,640000.0
2016-02-01,SERANGOON,830000.0
2016-02-01,TAMPINES,733888.0
2016-02-01,TOA PAYOH,838000.0
2016-02-01,WOODLANDS,600800.0
2016-02-01,YISHUN,588000.0
2016-03-01,ANG MO KIO,860000.0
2016-03-01,BEDOK,750000.0
2016-03-01,BISHAN,830000.0
2016-03-01,BUKIT BATOK,727000.0
2016-03-01,BUKIT MERAH,850000.0
2016-03-01,BUKIT PANJANG,715000.0
2016-03-01,BUKIT TIMAH,823000.0
2016-03-01,CENTRAL AREA,860000.0
2016-03-01,CHOA CHU KANG,636000.0
2016-03-01,CLEMENTI,840000.0
2016-03-01,GEYLANG,670000.0
2016-03-01,HOUGANG,828000.0
2016-03-01,JURONG EAST,785000.0
2016-03-01,JURONG WEST,682500.0
2016-03-01,KALLANG/WHAMPOA,855000.0
2016-03-01,MARINE PARADE,838000.0
2016-03-01,PASIR RIS,690000.0
2016-03-01,PUNGGOL,600000.0
2016-03-01,QUEENSTOWN,860000.0
2016-03-01,SEMBAWANG,560000.0
2016-03-01,SENGKANG,600000.0
2016-03-01,SERANGOON,860000.0
2016-03-01,TAMPINES,740000.0
2016-03-01,TOA PAYOH,790000.0
2016-03-01,WOODLANDS,600000.0
2016-03-01,YISHUN,650000.0
2016-04-01,ANG MO KIO,780000.0
2016-04-01,BEDOK,800000.0
2016-04-01,BISHAN,810000.0
2016-04-01,BUKIT BATOK,660000.0
2016-04-01,BUKIT MERAH,860000.0
2016-04-01,BUKIT PANJANG,650000.0
2016-04-01,BUKIT TIMAH,854000.0
2016-04-01,CENTRAL AREA,610000.0
2016-04-01,CHOA CHU KANG,645000.0
2016-04-01,CLEMENTI,850000.0
2016-04-01,GEYLANG,850000.0
2016-04-01,HOUGANG,720000.0
2016-04-01,JURONG EAST,800000.0
2016-04-01,JURONG WEST,655000.0
2016-04-01,KALLANG/WHAMPOA,850000.0
2016-04-01,MARINE PARADE,820000.0
2016-04-01,PASIR RIS,738000.0
2016-04-01,PUNGGOL,605000.0
2016-04-01,QUEENSTOWN,850000.0
2016-04-01,SEMBAWANG,520000.0
2016-04-01,SENGKANG,655000.0
2016-04-01,SERANGOON,818000.0
2016-04-01,TAMPINES,728000.0
2016-04-01,TOA PAYOH,810000.0
2016-04-01,WOODLANDS,608000.0
2016-04-01,YISHUN,658000.0
2016-05-01,ANG MO KIO,855000.0
2016-05-01,BEDOK,780000.0
2016-05-01,BISHAN,800000.0
2016-05-01,BUKIT BATOK,690000.0
2016-05-01,BUKIT MERAH,855000.0
2016-05-01,BUKIT PANJANG,700000.0
2016-05-01,BUKIT TIMAH,773000.0
2016-05-01,CENTRAL AREA,600088.0
2016-05-01,CHOA CHU KANG,622000.0
2016-05-01,CLEMENTI,845000.0
2016-05-01,GEYLANG,858000.0
2016-05-01,HOUGANG,830000.0
2016-05-01,JURONG EAST,813000.0
2016-05-01,JURONG WEST,755000.0
2016-05-01,KALLANG/WHAMPOA,849800.0
2016-05-01,MARINE PARADE,842000.0
2016-05-01,PASIR RIS,735000.0
2016-05-01,PUNGGOL,788000.0
2016-05-01,QUEENSTOWN,850000.0
2016-05-01,SEMBAWANG,550000.0
2016-05-01,SENGKANG,678000.0
2016-05-01,SERANGOON,838888.0
2016-05-01,TAMPINES,735000.0
2016-05-01,TOA PAYOH,858000.0
2016-05-01,WOODLANDS,588000.0
2016-05-01,YISHUN,568000.0
2016-06-01,ANG MO KIO,700000.0
2016-06-01,BEDOK,800000.0
2016-06-01,BISHAN,790000.0
2016-06-01,BUKIT BATOK,703888.0
2016-06-01,BUKIT MERAH,835000.0
2016-06-01,BUKIT PANJANG,650000.0
2016-06-01,BUKIT TIMAH,768000.0
2016-06-01,CENTRAL AREA,850000.0
2016-06-01,CHOA CHU KANG,648000.0
2016-06-01,CLEMENTI,773000.0
2016-06-01,GEYLANG,810000.0
2016-06-01,HOUGANG,780000.0
2016-06-01,JURONG EAST,765000.0
2016-06-01,JURONG WEST,690000.0
2016-06-01,KALLANG/WHAMPOA,838000.0
2016-06-01,MARINE PARADE,775000.0
2016-06-01,PASIR RIS,705000.0
2016-06-01,PUNGGOL,560000.0
2016-06-01,QUEENSTOWN,860000.0
2016-06-01,SEMBAWANG,550000.0
2016-06-01,SENGKANG,620000.0
2016-06-01,SERANGOON,760000.0
2016-06-01,TAMPINES,748000.0
2016-06-01,TOA PAYOH,838000.0
2016-06-01,WOODLANDS,625000.0
2016-06-01,YISHUN,668000.0
2016-07-01,ANG MO KIO,790000.0
2016-07-01,BEDOK,720000.0
2016-07-01,BISHAN,820000.0
2016-07-01,BUKIT BATOK,720000.0
2016-07-01,BUKIT MERAH,862000.0
2016-07-01,BUKIT PANJANG,770000.0
2016-07-01,BUKIT TIMAH,568000.0
2016-07-01,CENTRAL AREA,860000.0
2016-07-01,CHOA CHU KANG,658000.0
2016-07-01,CLEMENTI,720000.0
2016-07-01,GEYLANG,835000.0
2016-07-01,HOUGANG,860000.0
2016-07-01,JURONG EAST,755000.0
2016-07-01,JURONG WEST,670000.0
2016-07-01,KALLANG/WHAMPOA,818000.0
2016-07-01,MARINE PARADE,848000.0
2016-07-01,PASIR RIS,700000.0
2016-07-01,PUNGGOL,600000.0
2016-07-01,QUEENSTOWN,850000.0
2016-07-01,SEMBAWANG,550000.0
2016-07-01,SENGKANG,615888.0
2016-07-01,SERANGOON,842000.0
2016-07-01,TAMPINES,715000.0
2016-07-01,TOA PAYOH,846000.0
2016-07-01,WOODLANDS,610000.0
2016-07-01,YISHUN,690000.0
2016-08-01,ANG MO KIO,820000.0
2016-08-01,BEDOK,858000.0
2016-08-01,BISHAN,845000.0
2016-08-01,BUKIT BATOK,758000.0
2016-08-01,BUKIT MERAH,830000.0
2016-08-01,BUKIT PANJANG,692000.0
2016-08-01,BUKIT TIMAH,763800.0
2016-08-01,CENTRAL AREA,834000.0
2016-08-01,CHOA CHU KANG,650000.0
2016-08-01,CLEMENTI,840000.0
2016-08-01,GEYLANG,855000.0
2016-08-01,HOUGANG,740000.0
2016-08-01,JURONG EAST,750000.0
2016-08-01,JURONG WEST,638888.0
2016-08-01,KALLANG/WHAMPOA,830000.0
2016-08-01,MARINE PARADE,650000.0
2016-08-01,PASIR RIS,683000.0
2016-08-01,PUNGGOL,572000.0
2016-08-01,QUEENSTOWN,862000.0
2016-08-01,SEMBAWANG,528000.0
2016-08-01,SENGKANG,680000.0
2016-08-01,SERANGOON,830000.0
2016-08-01,TAMPINES,812000.0
2016-08-01,TOA PAYOH,810000.0
2016-08-01,WOODLANDS,633000.0
2016-08-01,YISHUN,650000.0
2016-09-01,ANG MO KIO,825000.0
2016-09-01,BEDOK,812000.0
2016-09-01,BISHAN,810000.0
2016-09-01,BUKIT BATOK,800000.0
2016-09-01,BUKIT MERAH,842000.0
2016-09-01,BUKIT PANJANG,630000.0
2016-09-01,BUKIT TIMAH,770000.0
2016-09-01,CENTRAL AREA,855000.0
2016-09-01,CHOA CHU KANG,596500.0
2016-09-01,CLEMENTI,830000.0
2016-09-01,GEYLANG,740000.0
2016-09-01,HOUGANG,838800.0
2016-09-01,JURONG EAST,783000.0
2016-09-01,JURONG WEST,680000.0
2016-09-01,KALLANG/WHAMPOA,850000.0
2016-09-01,MARINE PARADE,840000.0
2016-09-01,PASIR RIS,760000.0
2016-09-01,PUNGGOL,780000.0
2016-09-01,QUEENSTOWN,822000.0
2016-09-01,SEMBAWANG,550000.0
2016-09-01,SENGKANG,620000.0
2016-09-01,SERANGOON,815000.0
2016-09-01,TAMPINES,780000.0
2016-09-01,TOA PAYOH,800000.0
2016-09-01,WOODLANDS,600000.0
2016-09-01,YISHUN,608000.0
2016-10-01,ANG MO KIO,828000.0
2016-10-01,BEDOK,700000.0
2016-10-01,BISHAN,810000.0
2016-10-01,BUKIT BATOK,760000.0
2016-10-01,BUKIT MERAH,840000.0
2016-10-01,BUKIT PANJANG,668000.0
2016-10-01,BUKIT TIMAH,670000.0
2016-10-01,CENTRAL AREA,850000.0
2016-10-01,CHOA CHU KANG,620000.0
2016-10-01,CLEMENTI,765000.0
2016-10-01,GEYLANG,840000.0
2016-10-01,HOUGANG,790000.0
2016-10-01,JURONG EAST,768000.0
2016-10-01,JURONG WEST,680000.0
2016-10-01,KALLANG/WHAMPOA,830000.0
2016-10-01,MARINE PARADE,595000.0
2016-10-01,PASIR RIS,635000.0
2016-10-01,PUNGGOL,630000.0
2016-10-01,QUEENSTOWN,792000.0
2016-10-01,SEMBAWANG,525000.0
2016-10-01,SENGKANG,595000.0
2016-10-01,SERANGOON,858000.0
2016-10-01,TAMPINES,780000.0
2016-10-01,TOA PAYOH,745000.0
2016-10-01,WOODLANDS,588000.0
2016-10-01,YISHUN,635000.0
2016-11-01,ANG MO KIO,853000.0
2016-11-01,BEDOK,808000.0
2016-11-01,BISHAN,828000.0
2016-11-01,BUKIT BATOK,750000.0
2016-11-01,BUKIT MERAH,830000.0
2016-11-01,BUKIT PANJANG,665000.0
2016-11-01,BUKIT TIMAH,700000.0
2016-11-01,CENTRAL AREA,845000.0
2016-11-01,CHOA CHU KANG,640000.0
2016-11-01,CLEMENTI,785000.0
2016-11-01,GEYLANG,820000.0
2016-11-01,HOUGANG,798000.0
2016-11-01,JURONG EAST,805000.0
2016-11-01,JURONG WEST,720000.0
2016-11-01,KALLANG/WHAMPOA,833000.0
2016-11-01,MARINE PARADE,835000.0
2016-11-01,PASIR RIS,700000.0
2016-11-01,PUNGGOL,620000.0
2016-11-01,QUEENSTOWN,812000.0
2016-11-01,SEMBAWANG,575000.0
2016-11-01,SENGKANG,585000.0
2016-11-01,SERANGOON,755000.0
2016-11-01,TAMPINES,760000.0
2016-11-01,TOA PAYOH,840000.0
2016-11-01,WOODLANDS,640000.0
2016-11-01,YISHUN,600288.0
2016-12-01,ANG MO KIO,750000.0
2016-12-01,BEDOK,840000.0
2016-12-01,BISHAN,845000.0
2016-12-01,BUKIT BATOK,730000.0
2016-12-01,BUKIT MERAH,860000.0
2016-12-01,BUKIT PANJANG,640000.0
2016-12-01,BUKIT TIMAH,705000.0
2016-12-01,CENTRAL AREA,850000.0
2016-12-01,CHOA CHU KANG,575000.0
2016-12-01,CLEMENTI,760000.0
2016-12-01,GEYLANG,845000.0
2016-12-01,HOUGANG,795000.0
2016-12-01,JURONG EAST,746000.0
2016-12-01,JURONG WEST,700100.0
2016-12-01,KALLANG/WHAMPOA,825000.0
2016-12-01,MARINE PARADE,845000.0
2016-12-01,PASIR RIS,638000.0
2016-12-01,PUNGGOL,835000.0
2016-12-01,QUEENSTOWN,815000.0
2016-12-01,SEMBAWANG,548000.0
2016-12-01,SENGKANG,618000.0
2016-12-01,SERANGOON,680000.0
2016-12-01,TAMPINES,760000.0
2016-12-01,TOA PAYOH,820888.0
2016-12-01,WOODLANDS,600000.0
2016-12-01,YISHUN,575000.0
2017-01-01,ANG MO KIO,832000.0
2017-01-01,BEDOK,795000.0
2017-01-01,BISHAN,830000.0
2017-01-01,BUKIT BATOK,800000.0
2017-01-01,BUKIT MERAH,820000.0
2017-01-01,BUKIT PANJANG,620000.0
2017-01-01,BUKIT TIMAH,670000.0
2017-01-01,CENTRAL AREA,818000.0
2017-01-01,CHOA CHU KANG,575000.0
2017-01-01,CLEMENTI,620000.0
2017-01-01,GEYLANG,830000.0
2017-01-01,HOUGANG,692000.0
2017-01-01,JURONG EAST,625000.0
2017-01-01,JURONG WEST,652000.0
2017-01-01,KALLANG/WHAMPOA,858000.0
2017-01-01,MARINE PARADE,580000.0
2017-01-01,PASIR RIS,638000.0
2017-01-01,PUNGGOL,630000.0
2017-01-01,QUEENSTOWN,860000.0
2017-01-01,SEMBAWANG,515000.0
2017-01-01,SENGKANG,623000.0
2017-01-01,SERANGOON,735000.0
2017-01-01,TAMPINES,830000.0
2017-01-01,TOA PAYOH,830000.0
2017-01-01,WOODLANDS,600000.0
2017-01-01,YISHUN,673000.0
2017-02-01,ANG MO KIO,788888.0
2017-02-01,BEDOK,800000.0
2017-02-01,BISHAN,840000.0
2017-02-01,BUKIT BATOK,648000.0
2017-02-01,BUKIT MERAH,840000.0
2017-02-01,BUKIT PANJANG,630000.0
2017-02-01,BUKIT TIMAH,810000.0
2017-02-01,CENTRAL AREA,835000.0
2017-02-01,CHOA CHU KANG,640888.0
2017-02-01,CLEMENTI,728000.0
2017-02-01,GEYLANG,680000.0
2017-02-01,HOUGANG,848000.0
2017-02-01,JURONG EAST,825000.0
2017-02-01,JURONG WEST,565000.0
2017-02-01,KALLANG/WHAMPOA,830000.0
2017-02-01,MARINE PARADE,855000.0
2017-02-01,PASIR RIS,690000.0
2017-02-01,PUNGGOL,636000.0
2017-02-01,QUEENSTOWN,840000.0
2017-02-01,SEMBAWANG,500000.0
2017-02-01,SENGKANG,608000.0
2017-02-01,SERANGOON,725000.0
2017-02-01,TAMPINES,760000.0
2017-02-01,TOA PAYOH,848888.0
2017-02-01,WOODLANDS,580888.0
2017-02-01,YISHUN,675000.0
2017-03-01,ANG MO KIO,850000.0
2017-03-01,BEDOK,768000.0
2017-03-01,BISHAN,850000.0
2017-03-01,BUKIT BATOK,790000.0
2017-03-01,BUKIT MERAH,830000.0
2017-03-01,BUKIT PANJANG,734000.0
2017-03-01,BUKIT TIMAH,720000.0
2017-03-01,CENTRAL AREA,860000.0
2017-03-01,CHOA CHU KANG,592000.0
2017-03-01,CLEMENTI,790000.0
2017-03-01,GEYLANG,755000.0
2017-03-01,HOUGANG,720000.0
2017-03-01,JURONG EAST,745000.0
2017-03-01,JURONG WEST,715000.0
2017-03-01,KALLANG/WHAMPOA,820000.0
2017-03-01,MARINE PARADE,720000.0
2017-03-01,PASIR RIS,738000.0
2017-03-01,PUNGGOL,610000.0
2017-03-01,QUEENSTOWN,820000.0
2017-03-01,SEMBAWANG,540000.0
2017-03-01,SENGKANG,670000.0
2017-03-01,SERANGOON,858000.0
2017-03-01,TAMPINES,776888.0
2017-03-01,TOA PAYOH,855000.0
2017-03-01,WOODLANDS,538000.0
2017-03-01,YISHUN,615000.0
2017-04-01,ANG MO KIO,840000.0
2017-04-01,BEDOK,730000.0
2017-04-01,BISHAN,860000.0
2017-04-01,BUKIT BATOK,700000.0
2017-04-01,BUKIT MERAH,843000.0
2017-04-01,BUKIT PANJANG,635000.0
2017-04-01,BUKIT TIMAH,785000.0
2017-04-01,CENTRAL AREA,850000.0
2017-04-01,CHOA CHU KANG,575000.0
2017-04-01,CLEMENTI,827000.0
2017-04-01,GEYLANG,825000.0
2017-04-01,HOUGANG,815000.0
2017-04-01,JURONG EAST,858000.0
2017-04-01,JURONG WEST,790000.0
2017-04-01,KALLANG/WHAMPOA,830000.0
2017-04-01,MARINE PARADE,802000.0
2017-04-01,PASIR RIS,722000.0
2017-04-01,PUNGGOL,638000.0
2017-04-01,QUEENSTOWN,826000.0
2017-04-01,SEMBAWANG,536000.0
2017-04-01,SENGKANG,580000.0
2017-04-01,SERANGOON,825000.0
2017-04-01,TAMPINES,800000.0
2017-04-01,TOA PAYOH,782000.0
2017-04-01,WOODLANDS,635000.0
2017-04-01,YISHUN,645000.0
2017-05-01,ANG MO KIO,855000.0
2017-05-01,BEDOK,816000.0
2017-05-01,BISHAN,832000.0
2017-05-01,BUKIT BATOK,693000.0
2017-05-01,BUKIT MERAH,855000.0
2017-05-01,BUKIT PANJANG,725000.0
2017-05-01,BUKIT TIMAH,690000.0
2017-05-01,CENTRAL AREA,862000.0
2017-05-01,CHOA CHU KANG,580000.0
2017-05-01,CLEMENTI,851800.0
2017-05-01,GEYLANG,850000.0
2017-05-01,HOUGANG,762000.0
2017-05-01,JURONG EAST,672000.0
2017-05-01,JURONG WEST,652000.0
2017-05-01,KALLANG/WHAMPOA,780000.0
2017-05-01,MARINE PARADE,830000.0
2017-05-01,PASIR RIS,765000.0
2017-05-01,PUNGGOL,610000.0
2017-05-01,QUEENSTOWN,805000.0
2017-05-01,SEMBAWANG,550000.0
2017-05-01,SENGKANG,598888.0
2017-05-01,SERANGOON,768000.0
2017-05-01,TAMPINES,780000.0
2017-05-01,TOA PAYOH,850000.0
2017-05-01,WOODLANDS,575000.0
2017-05-01,YISHUN,590000.0
2017-06-01,ANG MO KIO,860000.0
2017-06-01,BEDOK,740000.0
2017-06-01,BISHAN,835000.0
2017-06-01,BUKIT BATOK,700000.0
2017-06-01,BUKIT MERAH,860000.0
2017-06-01,BUKIT PANJANG,770000.0
2017-06-01,BUKIT TIMAH,813000.0
2017-06-01,CENTRAL AREA,840000.0
2017-06-01,CHOA CHU KANG,570000.0
2017-06-01,CLEMENTI,835000.0
2017-06-01,GEYLANG,855000.0
2017-06-01,HOUGANG,832000.0
2017-06-01,JURONG EAST,750000.0
2017-06-01,JURONG WEST,720000.0
2017-06-01,KALLANG/WHAMPOA,850000.0
2017-06-01,MARINE PARADE,761000.0
2017-06-01,PASIR RIS,740000.0
2017-06-01,PUNGGOL,640000.0
2017-06-01,QUEENSTOWN,820000.0
2017-06-01,SEMBAWANG,525000.0
2017-06-01,SENGKANG,600000.0
2017-06-01,SERANGOON,715000.0
2017-06-01,TAMPINES,752000.0
2017-06-01,TOA PAYOH,855000.0
2017-06-01,WOODLANDS,638888.0
2017-06-01,YISHUN,590000.0
2017-07-01,ANG MO KIO,860000.0
2017-07-01,BEDOK,820000.0
2017-07-01,BISHAN,810000.0
2017-07-01,BUKIT BATOK,738888.0
2017-07-01,BUKIT MERAH,860000.0
2017-07-01,BUKIT PANJANG,840000.0
2017-07-01,BUKIT TIMAH,823000.0
2017-07-01,CENTRAL AREA,655000.0
2017-07-01,CHOA CHU KANG,571000.0
2017-07-01,CLEMENTI,700000.0
2017-07-01,GEYLANG,838000.0
2017-07-01,HOUGANG,860000.0
2017-07-01,JURONG EAST,792000.0
2017-07-01,JURONG WEST,665000.0
2017-07-01,KALLANG/WHAMPOA,835000.0
2017-07-01,MARINE PARADE,575000.0
2017-07-01,PASIR RIS,778000.0
2017-07-01,PUNGGOL,635000.0
2017-07-01,QUEENSTOWN,860000.0
2017-07-01,SEMBAWANG,514000.0
2017-07-01,SENGKANG,616000.0
2017-07-01,SERANGOON,750000.0
2017-07-01,TAMPINES,750000.0
2017-07-01,TOA PAYOH,858000.0
2017-07-01,WOODLANDS,600000.0
2017-07-01,YISHUN,605000.0
2017-08-01,ANG MO KIO,838000.0
2017-08-01,BEDOK,840000.0
2017-08-01,BISHAN,830000.0
2017-08-01,BUKIT BATOK,720000.0
2017-08-01,BUKIT MERAH,836000.0
2017-08-01,BUKIT PANJANG,655000.0
2017-08-01,BUKIT TIMAH,706000.0
2017-08-01,CENTRAL AREA,835000.0
2017-08-01,CHOA CHU KANG,590000.0
2017-08-01,CLEMENTI,830000.0
2017-08-01,GEYLANG,850000.0
2017-08-01,HOUGANG,798888.0
2017-08-01,JURONG EAST,806000.0
2017-08-01,JURONG WEST,641000.0
2017-08-01,KALLANG/WHAMPOA,855000.0
2017-08-01,MARINE PARADE,860000.0
2017-08-01,PASIR RIS,768000.0
2017-08-01,PUNGGOL,708000.0
2017-08-01,QUEENSTOWN,848000.0
2017-08-01,SEMBAWANG,516800.0
2017-08-01,SENGKANG,620000.0
2017-08-01,SERANGOON,770000.0
2017-08-01,TAMPINES,738888.0
2017-08-01,TOA PAYOH,850000.0
2017-08-01,WOODLANDS,605000.0
2017-08-01,YISHUN,624000.0
2017-09-01,ANG MO KIO,800000.0
2017-09-01,BEDOK,840000.0
2017-09-01,BISHAN,800000.0
2017-09-01,BUKIT BATOK,718000.0
2017-09-01,BUKIT MERAH,845000.0
2017-09-01,BUKIT PANJANG,678000.0
2017-09-01,BUKIT TIMAH,718000.0
2017-09-01,CENTRAL AREA,860000.0
2017-09-01,CHOA CHU KANG,592000.0
2017-09-01,CLEMENTI,850000.0
2017-09-01,GEYLANG,845000.0
2017-09-01,HOUGANG,720000.0
2017-09-01,JURONG EAST,722000.0
2017-09-01,JURONG WEST,688000.0
2017-09-01,KALLANG/WHAMPOA,820000.0
2017-09-01,MARINE PARADE,828000.0
2017-09-01,PASIR RIS,750000.0
2017-09-01,PUNGGOL,670000.0
2017-09-01,QUEENSTOWN,825000.0
2017-09-01,SEMBAWANG,510000.0
2017-09-01,SENGKANG,616888.0
2017-09-01,SERANGOON,760000.0
2017-09-01,TAMPINES,823000.0
2017-09-01,TOA PAYOH,815000.0
2017-09-01,WOODLANDS,570000.0
2017-09-01,YISHUN,700000.0
2017-10-01,ANG MO KIO,842000.0
2017-10-01,BEDOK,830000.0
2017-10-01,BISHAN,855000.0
2017-10-01,BUKIT BATOK,655000.0
2017-10-01,BUKIT MERAH,842000.0
2017-10-01,BUKIT PANJANG,685000.0
2017-10-01,BUKIT TIMAH,609888.0
2017-10-01,CENTRAL AREA,838000.0
2017-10-01,CHOA CHU KANG,595000.0
2017-10-01,CLEMENTI,810000.0
2017-10-01,GEYLANG,830000.0
2017-10-01,HOUGANG,850000.0
2017-10-01,JURONG EAST,810000.0
2017-10-01,JURONG WEST,650000.0
2017-10-01,KALLANG/WHAMPOA,840000.0
2017-10-01,MARINE PARADE,788000.0
2017-10-01,PASIR RIS,765000.0
2017-10-01,PUNGGOL,860000.0
2017-10-01,QUEENSTOWN,860000.0
2017-10-01,SEMBAWANG,548000.0
2017-10-01,SENGKANG,688000.0
2017-10-01,SERANGOON,720000.0
2017-10-01,TAMPINES,830000.0
2017-10-01,TOA PAYOH,848000.0
2017-10-01,WOODLANDS,640000.0
2017-10-01,YISHUN,542000.0
2017-11-01,ANG MO KIO,805000.0
2017-11-01,BEDOK,840000.0
2017-11-01,BISHAN,818000.0
2017-11-01,BUKIT BATOK,680000.0
2017-11-01,BUKIT MERAH,860000.0
2017-11-01,BUKIT PANJANG,753888.0
2017-11-01,BUKIT TIMAH,798000.0
2017-11-01,CENTRAL AREA,858000.0
2017-11-01,CHOA CHU KANG,610000.0
2017-11-01,CLEMENTI,825000.0
2017-11-01,GEYLANG,832000.0
2017-11-01,HOUGANG,742000.0
2017-11-01,JURONG EAST,794000.0
2017-11-01,JURONG WEST,608000.0
2017-11-01,KALLANG/WHAMPOA,850000.0
2017-11-01,MARINE PARADE,820000.0
2017-11-01,PASIR RIS,755000.0
2017-11-01,PUNGGOL,668000.0
2017-11-01,QUEENSTOWN,826000.0
2017-11-01,SEMBAWANG,555000.0
2017-11-01,SENGKANG,690000.0
2017-11-01,SERANGOON,850000.0
2017-11-01,TAMPINES,830000.0
2017-11-01,TOA PAYOH,860000.0
2017-11-01,WOODLANDS,585000.0
2017-11-01,YISHUN,658000.0
2017-12-01,ANG MO KIO,858000.0
2017-12-01,BEDOK,820000.0
2017-12-01,BISHAN,860000.0
2017-12-01,BUKIT BATOK,730000.0
2017-12-01,BUKIT MERAH,842000.0
2017-12-01,BUKIT PANJANG,748000.0
2017-12-01,BUKIT TIMAH,520000.0
2017-12-01,CENTRAL AREA,490000.0
2017-12-01,CHOA CHU KANG,605000.0
2017-12-01,CLEMENTI,780888.0
2017-12-01,GEYLANG,800000.0
2017-12-01,HOUGANG,748888.0
2017-12-01,JURONG EAST,780000.0
2017-12-01,JURONG WEST,695000.0
2017-12-01,KALLANG/WHAMPOA,862000.0
2017-12-01,MARINE PARADE,550000.0
2017-12-01,PASIR RIS,758000.0
2017-12-01,PUNGGOL,685000.0
2017-12-01,QUEENSTOWN,860000.0
2017-12-01,SEMBAWANG,475000.0
2017-12-01,SENGKANG,620000.0
2017-12-01,SERANGOON,703000.0
2017-12-01,TAMPINES,846000.0
2017-12-01,TOA PAYOH,830000.0
2017-12-01,WOODLANDS,620000.0
2017-12-01,YISHUN,620000.0
2018-01-01,ANG MO KIO,660000.0
2018-01-01,BEDOK,770000.0
2018-01-01,BISHAN,836000.0
2018-01-01,BUKIT BATOK,730000.0
2018-01-01,BUKIT MERAH,860000.0
2018-01-01,BUKIT PANJANG,762888.0
2018-01-01,BUKIT TIMAH,818000.0
2018-01-01,CENTRAL AREA,850000.0
2018-01-01,CHOA CHU KANG,590000.0
2018-01-01,CLEMENTI,820000.0
2018-01-01,GEYLANG,820000.0
2018-01-01,HOUGANG,815000.0
2018-01-01,JURONG EAST,860000.0
2018-01-01,JURONG WEST,579000.0
2018-01-01,KALLANG/WHAMPOA,860000.0
2018-01-01,MARINE PARADE,855000.0
2018-01-01,PASIR RIS,680000.0
2018-01-01,PUNGGOL,688000.0
2018-01-01,QUEENSTOWN,750000.0
2018-01-01,SEMBAWANG,518000.0
2018-01-01,SENGKANG,650000.0
2018-01-01,SERANGOON,825000.0
2018-01-01,TAMPINES,838000.0
2018-01-01,TOA PAYOH,825000.0
2018-01-01,WOODLANDS,628000.0
2018-01-01,YISHUN,555000.0
2018-02-01,ANG MO KIO,780000.0
2018-02-01,BEDOK,845000.0
2018-02-01,BISHAN,828000.0
2018-02-01,BUKIT BATOK,758000.0
2018-02-01,BUKIT MERAH,862000.0
2018-02-01,BUKIT PANJANG,668000.0
2018-02-01,BUKIT TIMAH,808000.0
2018-02-01,CENTRAL AREA,600000.0
2018-02-01,CHOA CHU KANG,655000.0
2018-02-01,CLEMENTI,775000.0
2018-02-01,GEYLANG,830000.0
2018-02-01,HOUGANG,805000.0
2018-02-01,JURONG EAST,810000.0
2018-02-01,JURONG WEST,639888.0
2018-02-01,KALLANG/WHAMPOA,833000.0
2018-02-01,MARINE PARADE,845000.0
2018-02-01,PASIR RIS,808000.0
2018-02-01,PUNGGOL,648000.0
2018-02-01,QUEENSTOWN,838000.0
2018-02-01,SEMBAWANG,520000.0
2018-02-01,SENGKANG,622888.0
2018-02-01,SERANGOON,772000.0
2018-02-01,TAMPINES,800000.0
2018-02-01,TOA PAYOH,850000.0
2018-02-01,WOODLANDS,620000.0
2018-02-01,YISHUN,645000.0
2018-03-01,ANG MO KIO,852000.0
2018-03-01,BEDOK,855000.0
2018-03-01,BISHAN,840000.0
2018-03-01,BUKIT BATOK,738000.0
2018-03-01,BUKIT MERAH,860000.0
2018-03-01,BUKIT PANJANG,710000.0
2018-03-01,BUKIT TIMAH,860000.0
2018-03-01,CENTRAL AREA,850000.0
2018-03-01,CHOA CHU KANG,550000.0
2018-03-01,CLEMENTI,860000.0
2018-03-01,GEYLANG,848000.0
2018-03-01,HOUGANG,816000.0
2018-03-01,JURONG EAST,745000.0
2018-03-01,JURONG WEST,638000.0
2018-03-01,KALLANG/WHAMPOA,860000.0
2018-03-01,MARINE PARADE,840000.0
2018-03-01,PASIR RIS,700000.0
2018-03-01,PUNGGOL,595000.0
2018-03-01,QUEENSTOWN,860000.0
2018-03-01,SEMBAWANG,528000.0
2018-03-01,SENGKANG,630000.0
2018-03-01,SERANGOON,770000.0
2018-03-01,TAMPINES,845000.0
2018-03-01,TOA PAYOH,860000.0
2018-03-01,WOODLANDS,575000.0
2018-03-01,YISHUN,568000.0
2018-04-01,ANG MO KIO,808000.0
2018-04-01,BEDOK,798000.0
2018-04-01,BISHAN,853000.0
2018-04-01,BUKIT BATOK,675000.0
2018-04-01,BUKIT MERAH,840000.0
2018-04-01,BUKIT PANJANG,760888.0
2018-04-01,BUKIT TIMAH,740000.0
2018-04-01,CENTRAL AREA,855000.0
2018-04-01,CHOA CHU KANG,606000.0
2018-04-01,CLEMENTI,855000.0
2018-04-01,GEYLANG,808000.0
2018-04-01,HOUGANG,860000.0
2018-04-01,JURONG EAST,740000.0
2018-04-01,JURONG WEST,665000.0
2018-04-01,KALLANG/WHAMPOA,850000.0
2018-04-01,MARINE PARADE,858000.0
2018-04-01,PASIR RIS,750000.0
2018-04-01,PUNGGOL,641000.0
2018-04-01,QUEENSTOWN,860000.0
2018-04-01,SEMBAWANG,480000.0
2018-04-01,SENGKANG,650000.0
2018-04-01,SERANGOON,850000.0
2018-04-01,TAMPINES,785888.0
2018-04-01,TOA PAYOH,850000.0
2018-04-01,WOODLANDS,650000.0
2018-04-01,YISHUN,575000.0
2018-05-01,ANG MO KIO,860000.0
2018-05-01,BEDOK,808000.0
2018-05-01,BISHAN,850000.0
2018-05-01,BUKIT BATOK,678000.0
2018-05-01,BUKIT MERAH,848000.0
2018-05-01,BUKIT PANJANG,680000.0
2018-05-01,BUKIT TIMAH,720000.0
2018-05-01,CENTRAL AREA,722000.0
2018-05-01,CHOA CHU KANG,570000.0
2018-05-01,CLEMENTI,727000.0
2018-05-01,GEYLANG,823000.0
2018-05-01,HOUGANG,830000.0
2018-05-01,JURONG EAST,850000.0
2018-05-01,JURONG WEST,770000.0
2018-05-01,KALLANG/WHAMPOA,858000.0
2018-05-01,MARINE PARADE,805000.0
2018-05-01,PASIR RIS,750000.0
2018-05-01,PUNGGOL,695000.0
2018-05-01,QUEENSTOWN,825000.0
2018-05-01,SEMBAWANG,544880.0
2018-05-01,SENGKANG,597000.0
2018-05-01,SERANGOON,763000.0
2018-05-01,TAMPINES,830000.0
2018-05-01,TOA PAYOH,835000.0
2018-05-01,WOODLANDS,570000.0
2018-05-01,YISHUN,658000.0
2018-06-01,ANG MO KIO,850000.0
2018-06-01,BEDOK,780000.0
2018-06-01,BISHAN,860000.0
2018-06-01,BUKIT BATOK,660000.0
2018-06-01,BUKIT MERAH,835000.0
2018-06-01,BUKIT PANJANG,678000.0
2018-06-01,BUKIT TIMAH,760000.0
2018-06-01,CENTRAL AREA,650000.0
2018-06-01,CHOA CHU KANG,595000.0
2018-06-01,CLEMENTI,848000.0
2018-06-01,GEYLANG,808000.0
2018-06-01,HOUGANG,760000.0
2018-06-01,JURONG EAST,810000.0
2018-06-01,JURONG WEST,650000.0
2018-06-01,KALLANG/WHAMPOA,850000.0
2018-06-01,MARINE PARADE,830000.0
2018-06-01,PASIR RIS,690000.0
2018-06-01,PUNGGOL,682888.0
2018-06-01,QUEENSTOWN,838000.0
2018-06-01,SEMBAWANG,515000.0
2018-06-01,SENGKANG,590000.0
2018-06-01,SERANGOON,750000.0
2018-06-01,TAMPINES,825000.0
2018-06-01,TOA PAYOH,860000.0
2018-06-01,WOODLANDS,590000.0
2018-06-01,YISHUN,545000.0
2018-07-01,ANG MO KIO,820000.0
2018-07-01,BEDOK,855000.0
2018-07-01,BISHAN,850000.0
2018-07-01,BUKIT BATOK,668000.0
2018-07-01,BUKIT MERAH,840000.0
2018-07-01,BUKIT PANJANG,778000.0
2018-07-01,BUKIT TIMAH,830000.0
2018-07-01,CENTRAL AREA,698000.0
2018-07-01,CHOA CHU KANG,630000.0
2018-07-01,CLEMENTI,858000.0
2018-07-01,GEYLANG,835000.0
2018-07-01,HOUGANG,845000.0
2018-07-01,JURONG EAST,698000.0
2018-07-01,JURONG WEST,638000.0
2018-07-01,KALLANG/WHAMPOA,834000.0
2018-07-01,MARINE PARADE,670000.0
2018-07-01,PASIR RIS,763000.0
2018-07-01,PUNGGOL,800000.0
2018-07-01,QUEENSTOWN,860000.0
2018-07-01,SEMBAWANG,550000.0
2018-07-01,SENGKANG,660000.0
2018-07-01,SERANGOON,838000.0
2018-07-01,TAMPINES,820000.0
2018-07-01,TOA PAYOH,855000.0
2018-07-01,WOODLANDS,580000.0
2018-07-01,YISHUN,650000.0
2018-08-01,ANG MO KIO,850000.0
2018-08-01,BEDOK,750000.0
2018-08-01,BISHAN,854888.0
2018-08-01,BUKIT BATOK,718000.0
2018-08-01,BUKIT MERAH,855000.0
2018-08-01,BUKIT PANJANG,760000.0
2018-08-01,BUKIT TIMAH,620088.0
2018-08-01,CENTRAL AREA,653000.0
2018-08-01,CHOA CHU KANG,585000.0
2018-08-01,CLEMENTI,860000.0
2018-08-01,GEYLANG,850000.0
2018-08-01,HOUGANG,833000.0
2018-08-01,JURONG EAST,758000.0
2018-08-01,JURONG WEST,600000.0
2018-08-01,KALLANG/WHAMPOA,860000.0
2018-08-01,MARINE PARADE,800000.0
2018-08-01,PASIR RIS,805000.0
2018-08-01,PUNGGOL,660000.0
2018-08-01,QUEENSTOWN,818888.0
2018-08-01,SEMBAWANG,590000.0
2018-08-01,SENGKANG,618000.0
2018-08-01,SERANGOON,738000.0
2018-08-01,TAMPINES,838000.0
2018-08-01,TOA PAYOH,828000.0
2018-08-01,WOODLANDS,648000.0
2018-08-01,YISHUN,580000.0
2018-09-01,ANG MO KIO,820000.0
2018-09-01,BEDOK,700000.0
2018-09-01,BISHAN,850000.0
2018-09-01,BUKIT BATOK,720000.0
2018-09-01,BUKIT MERAH,845000.0
2018-09-01,BUKIT PANJANG,720000.0
2018-09-01,BUKIT TIMAH,755000.0
2018-09-01,CENTRAL AREA,646000.0
2018-09-01,CHOA CHU KANG,620000.0
2018-09-01,CLEMENTI,755000.0
2018-09-01,GEYLANG,860000.0
2018-09-01,HOUGANG,816000.0
2018-09-01,JURONG EAST,695000.0
2018-09-01,JURONG WEST,625000.0
2018-09-01,KALLANG/WHAMPOA,690000.0
2018-09-01,MARINE PARADE,820000.0
2018-09-01,PASIR RIS,803000.0
2018-09-01,PUNGGOL,718000.0
2018-09-01,QUEENSTOWN,860000.0
2018-09-01,SEMBAWANG,500000.0
2018-09-01,SENGKANG,655000.0
2018-09-01,SERANGOON,860000.0
2018-09-01,TAMPINES,808000.0
2018-09-01,TOA PAYOH,835000.0
2018-09-01,WOODLANDS,570000.0
2018-09-01,YISHUN,695000.0
2018-10-01,ANG MO KIO,845000.0
2018-10-01,BEDOK,818000.0
2018-10-01,BISHAN,857500.0
2018-10-01,BUKIT BATOK,605000.0
2018-10-01,BUKIT MERAH,860000.0
2018-10-01,BUKIT PANJANG,700000.0
2018-10-01,BUKIT TIMAH,760000.0
2018-10-01,CENTRAL AREA,850000.0
2018-10-01,CHOA CHU KANG,570000.0
2018-10-01,CLEMENTI,845000.0
2018-10-01,GEYLANG,840000.0
2018-10-01,HOUGANG,760000.0
2018-10-01,JURONG EAST,800000.0
2018-10-01,JURONG WEST,688888.0
2018-10-01,KALLANG/WHAMPOA,855000.0
2018-10-01,MARINE PARADE,566000.0
2018-10-01,PASIR RIS,750000.0
2018-10-01,PUNGGOL,677000.0
2018-10-01,QUEENSTOWN,858000.0
2018-10-01,SEMBAWANG,532000.0
2018-10-01,SENGKANG,630000.0
2018-10-01,SERANGOON,788000.0
2018-10-01,TAMPINES,860000.0
2018-10-01,TOA PAYOH,835000.0
2018-10-01,WOODLANDS,578888.0
2018-10-01,YISHUN,655000.0
2018-11-01,ANG MO KIO,820000.0
2018-11-01,BEDOK,858000.0
2018-11-01,BISHAN,850000.0
2018-11-01,BUKIT BATOK,655000.0
2018-11-01,BUKIT MERAH,840888.0
2018-11-01,BUKIT PANJANG,720000.0
2018-11-01,BUKIT TIMAH,630000.0
2018-11-01,CENTRAL AREA,668000.0
2018-11-01,CHOA CHU KANG,588000.0
2018-11-01,CLEMENTI,858888.0
2018-11-01,GEYLANG,820000.0
2018-11-01,HOUGANG,850000.0
2018-11-01,JURONG EAST,811000.0
2018-11-01,JURONG WEST,650000.0
2018-11-01,KALLANG/WHAMPOA,860000.0
2018-11-01,MARINE PARADE,830000.0
2018-11-01,PASIR RIS,758000.0
2018-11-01,PUNGGOL,688000.0
2018-11-01,QUEENSTOWN,825000.0
2018-11-01,SEMBAWANG,580000.0
2018-11-01,SENGKANG,680000.0
2018-11-01,SERANGOON,850000.0
2018-11-01,TAMPINES,790000.0
2018-11-01,TOA PAYOH,830000.0
2018-11-01,WOODLANDS,580000.0
2018-11-01,YISHUN,610000.0
2018-12-01,ANG MO KIO,845000.0
2018-12-01,BEDOK,720000.0
2018-12-01,BISHAN,795000.0
2018-12-01,BUKIT BATOK,740000.0
2018-12-01,BUKIT MERAH,855000.0
2018-12-01,BUKIT PANJANG,678000.0
2018-12-01,BUKIT TIMAH,850000.0
2018-12-01,CENTRAL AREA,585888.0
2018-12-01,CHOA CHU KANG,590000.0
2018-12-01,CLEMENTI,741000.0
2018-12-01,GEYLANG,700000.0
2018-12-01,HOUGANG,803000.0
2018-12-01,JURONG EAST,650000.0
2018-12-01,JURONG WEST,740000.0
2018-12-01,KALLANG/WHAMPOA,735000.0
2018-12-01,MARINE PARADE,830000.0
2018-12-01,PASIR RIS,745000.0
2018-12-01,PUNGGOL,728000.0
2018-12-01,QUEENSTOWN,830000.0
2018-12-01,SEMBAWANG,520000.0
2018-12-01,SENGKANG,600000.0
2018-12-01,SERANGOON,750000.0
2018-12-01,TAMPINES,830000.0
2018-12-01,TOA PAYOH,830000.0
2018-12-01,WOODLANDS,596000.0
2018-12-01,YISHUN,720000.0
2019-01-01,ANG MO KIO,793800.0
2019-01-01,BEDOK,833000.0
2019-01-01,BISHAN,820000.0
2019-01-01,BUKIT BATOK,780000.0
2019-01-01,BUKIT MERAH,850000.0
2019-01-01,BUKIT PANJANG,755000.0
2019-01-01,BUKIT TIMAH,750000.0
2019-01-01,CENTRAL AREA,840000.0
2019-01-01,CHOA CHU KANG,620000.0
2019-01-01,CLEMENTI,859000.0
2019-01-01,GEYLANG,780000.0
2019-01-01,HOUGANG,770000.0
2019-01-01,JURONG EAST,838000.0
2019-01-01,JURONG WEST,648000.0
2019-01-01,KALLANG/WHAMPOA,750000.0
2019-01-01,MARINE PARADE,818000.0
2019-01-01,PASIR RIS,772500.0
2019-01-01,PUNGGOL,728888.0
2019-01-01,QUEENSTOWN,838000.0
2019-01-01,SEMBAWANG,485000.0
2019-01-01,SENGKANG,618000.0
2019-01-01,SERANGOON,856000.0
2019-01-01,TAMPINES,720000.0
2019-01-01,TOA PAYOH,850000.0
2019-01-01,WOODLANDS,620000.0
2019-01-01,YISHUN,758000.0
2019-02-01,ANG MO KIO,760000.0
2019-02-01,BEDOK,788000.0
2019-02-01,BISHAN,840000.0
2019-02-01,BUKIT BATOK,741800.0
2019-02-01,BUKIT MERAH,830000.0
2019-02-01,BUKIT PANJANG,635000.0
2019-02-01,BUKIT TIMAH,725000.0
2019-02-01,CENTRAL AREA,743000.0
2019-02-01,CHOA CHU KANG,590000.0
2019-02-01,CLEMENTI,855000.0
2019-02-01,GEYLANG,808000.0
2019-02-01,HOUGANG,752000.0
2019-02-01,JURONG EAST,770000.0
2019-02-01,JURONG WEST,620000.0
2019-02-01,KALLANG/WHAMPOA,831000.0
2019-02-01,MARINE PARADE,730000.0
2019-02-01,PASIR RIS,725000.0
2019-02-01,PUNGGOL,670000.0
2019-02-01,QUEENSTOWN,842000.0
2019-02-01,SEMBAWANG,471800.0
2019-02-01,SENGKANG,600000.0
2019-02-01,SERANGOON,745000.0
2019-02-01,TAMPINES,792000.0
2019-02-01,TOA PAYOH,853000.0
2019-02-01,WOODLANDS,606000.0
2019-02-01,YISHUN,698000.0
2019-03-01,ANG MO KIO,802888.0
2019-03-01,BEDOK,708000.0
2019-03-01,BISHAN,745000.0
2019-03-01,BUKIT BATOK,720000.0
2019-03-01,BUKIT MERAH,860000.0
2019-03-01,BUKIT PANJANG,728000.0
2019-03-01,BUKIT TIMAH,830000.0
2019-03-01,CENTRAL AREA,698000.0
2019-03-01,CHOA CHU KANG,560000.0
2019-03-01,CLEMENTI,730000.0
2019-03-01,GEYLANG,842000.0
2019-03-01,HOUGANG,695000.0
2019-03-01,JURONG EAST,739000.0
2019-03-01,JURONG WEST,610000.0
2019-03-01,KALLANG/WHAMPOA,855000.0
2019-03-01,MARINE PARADE,680000.0
2019-03-01,PASIR RIS,713888.0
2019-03-01,PUNGGOL,710000.0
2019-03-01,QUEENSTOWN,833000.0
2019-03-01,SEMBAWANG,510000.0
2019-03-01,SENGKANG,660880.0
2019-03-01,SERANGOON,842500.0
2019-03-01,TAMPINES,810000.0
2019-03-01,TOA PAYOH,838000.0
2019-03-01,WOODLANDS,645000.0
2019-03-01,YISHUN,700000.0
2019-04-01,ANG MO KIO,810000.0
2019-04-01,BEDOK,770000.0
2019-04-01,BISHAN,777000.0
2019-04-01,BUKIT BATOK,708000.0
2019-04-01,BUKIT MERAH,850000.0
2019-04-01,BUKIT PANJANG,740000.0
2019-04-01,BUKIT TIMAH,818000.0
2019-04-01,CENTRAL AREA,685000.0
2019-04-01,CHOA CHU KANG,640000.0
2019-04-01,CLEMENTI,817000.0
2019-04-01,GEYLANG,765000.0
2019-04-01,HOUGANG,660000.0
2019-04-01,JURONG EAST,852008.0
2019-04-01,JURONG WEST,608000.0
2019-04-01,KALLANG/WHAMPOA,860000.0
2019-04-01,MARINE PARADE,828000.0
2019-04-01,PASIR RIS,710000.0
2019-04-01,PUNGGOL,703000.0
2019-04-01,QUEENSTOWN,840000.0
2019-04-01,SEMBAWANG,572000.0
2019-04-01,SENGKANG,680000.0
2019-04-01,SERANGOON,858000.0
2019-04-01,TAMPINES,816000.0
2019-04-01,TOA PAYOH,840000.0
2019-04-01,WOODLANDS,620000.0
2019-04-01,YISHUN,610000.0
2019-05-01,ANG MO KIO,860000.0
2019-05-01,BEDOK,800000.0
2019-05-01,BISHAN,833000.0
2019-05-01,BUKIT BATOK,680000.0
2019-05-01,BUKIT MERAH,860000.0
2019-05-01,BUKIT PANJANG,732000.0
2019-05-01,BUKIT TIMAH,852000.0
2019-05-01,CENTRAL AREA,830000.0
2019-05-01,CHOA CHU KANG,603000.0
2019-05-01,CLEMENTI,816000.0
2019-05-01,GEYLANG,838000.0
2019-05-01,HOUGANG,760000.0
2019-05-01,JURONG EAST,670000.0
2019-05-01,JURONG WEST,678000.0
2019-05-01,KALLANG/WHAMPOA,857000.0
2019-05-01,MARINE PARADE,854000.0
2019-05-01,PASIR RIS,715000.0
2019-05-01,PUNGGOL,768000.0
2019-05-01,QUEENSTOWN,840010.0
2019-05-01,SEMBAWANG,553000.0
2019-05-01,SENGKANG,700000.0
2019-05-01,SERANGOON,738000.0
2019-05-01,TAMPINES,820000.0
2019-05-01,TOA PAYOH,822000.0
2019-05-01,WOODLANDS,645000.0
2019-05-01,YISHUN,618000.0
2019-06-01,ANG MO KIO,800000.0
2019-06-01,BEDOK,770000.0
2019-06-01,BISHAN,860000.0
2019-06-01,BUKIT BATOK,680000.0
2019-06-01,BUKIT MERAH,860000.0
2019-06-01,BUKIT PANJANG,765000.0
2019-06-01,BUKIT TIMAH,752888.0
2019-06-01,CENTRAL AREA,827000.0
2019-06-01,CHOA CHU KANG,570000.0
2019-06-01,CLEMENTI,840000.0
2019-06-01,GEYLANG,805000.0
2019-06-01,HOUGANG,755000.0
2019-06-01,JURONG EAST,820000.0
2019-06-01,JURONG WEST,710000.0
2019-06-01,KALLANG/WHAMPOA,850000.0
2019-06-01,MARINE PARADE,855000.0
2019-06-01,PASIR RIS,735000.0
2019-06-01,PUNGGOL,695000.0
2019-06-01,QUEENSTOWN,850000.0
2019-06-01,SEMBAWANG,515000.0
2019-06-01,SENGKANG,690000.0
2019-06-01,SERANGOON,850000.0
2019-06-01,TAMPINES,810000.0
2019-06-01,TOA PAYOH,838000.0
2019-06-01,WOODLANDS,590888.0
2019-06-01,YISHUN,735000.0
2019-07-01,ANG MO KIO,860000.0
2019-07-01,BEDOK,780000.0
2019-07-01,BISHAN,858000.0
2019-07-01,BUKIT BATOK,719000.0
2019-07-01,BUKIT MERAH,840000.0
2019-07-01,BUKIT PANJANG,728000.0
2019-07-01,BUKIT TIMAH,818000.0
2019-07-01,CENTRAL AREA,670000.0
2019-07-01,CHOA CHU KANG,590000.0
2019-07-01,CLEMENTI,860000.0
2019-07-01,GEYLANG,820000.0
2019-07-01,HOUGANG,780000.0
2019-07-01,JURONG EAST,673000.0
2019-07-01,JURONG WEST,680000.0
2019-07-01,KALLANG/WHAMPOA,845000.0
2019-07-01,MARINE PARADE,808000.0
2019-07-01,PASIR RIS,660000.0
2019-07-01,PUNGGOL,675000.0
2019-07-01,QUEENSTOWN,852000.0
2019-07-01,SEMBAWANG,568000.0
2019-07-01,SENGKANG,678000.0
2019-07-01,SERANGOON,770000.0
2019-07-01,TAMPINES,812888.0
2019-07-01,TOA PAYOH,845000.0
2019-07-01,WOODLANDS,650000.0
2019-07-01,YISHUN,716888.0
2019-08-01,ANG MO KIO,748000.0
2019-08-01,BEDOK,815000.0
2019-08-01,BISHAN,850000.0
2019-08-01,BUKIT BATOK,643000.0
2019-08-01,BUKIT MERAH,840000.0
2019-08-01,BUKIT PANJANG,800000.0
2019-08-01,BUKIT TIMAH,670000.0
2019-08-01,CENTRAL AREA,668000.0
2019-08-01,CHOA CHU KANG,640000.0
2019-08-01,CLEMENTI,838000.0
2019-08-01,GEYLANG,852000.0
2019-08-01,HOUGANG,831500.0
2019-08-01,JURONG EAST,638000.0
2019-08-01,JURONG WEST,640000.0
2019-08-01,KALLANG/WHAMPOA,842000.0
2019-08-01,MARINE PARADE,800000.0
2019-08-01,PASIR RIS,780000.0
2019-08-01,PUNGGOL,728000.0
2019-08-01,QUEENSTOWN,860000.0
2019-08-01,SEMBAWANG,510000.0
2019-08-01,SENGKANG,710000.0
2019-08-01,SERANGOON,700000.0
2019-08-01,TAMPINES,830000.0
2019-08-01,TOA PAYOH,855000.0
2019-08-01,WOODLANDS,580000.0
2019-08-01,YISHUN,725000.0
2019-09-01,ANG MO KIO,860000.0
2019-09-01,BEDOK,790000.0
2019-09-01,BISHAN,850000.0
2019-09-01,BUKIT BATOK,719000.0
2019-09-01,BUKIT MERAH,860000.0
2019-09-01,BUKIT PANJANG,743888.0
2019-09-01,BUKIT TIMAH,560000.0
2019-09-01,CENTRAL AREA,650000.0
2019-09-01,CHOA CHU KANG,581000.0
2019-09-01,CLEMENTI,830000.0
2019-09-01,GEYLANG,860000.0
2019-09-01,HOUGANG,835000.0
2019-09-01,JURONG EAST,648000.0
2019-09-01,JURONG WEST,680000.0
2019-09-01,KALLANG/WHAMPOA,830000.0
2019-09-01,MARINE PARADE,690000.0
2019-09-01,PASIR RIS,780000.0
2019-09-01,PUNGGOL,690000.0
2019-09-01,QUEENSTOWN,850000.0
2019-09-01,SEMBAWANG,605000.0
2019-09-01,SENGKANG,712000.0
2019-09-01,SERANGOON,780000.0
2019-09-01,TAMPINES,808000.0
2019-09-01,TOA PAYOH,838000.0
2019-09-01,WOODLANDS,560000.0
2019-09-01,YISHUN,668000.0
2019-10-01,ANG MO KIO,825000.0
2019-10-01,BEDOK,818000.0
2019-10-01,BISHAN,821888.0
2019-10-01,BUKIT BATOK,668888.0
2019-10-01,BUKIT MERAH,858000.0
2019-10-01,BUKIT PANJANG,736000.0
2019-10-01,BUKIT TIMAH,855000.0
2019-10-01,CENTRAL AREA,720888.0
2019-10-01,CHOA CHU KANG,675000.0
2019-10-01,CLEMENTI,765888.0
2019-10-01,GEYLANG,840000.0
2019-10-01,HOUGANG,850000.0
2019-10-01,JURONG EAST,785000.0
2019-10-01,JURONG WEST,645000.0
2019-10-01,KALLANG/WHAMPOA,835000.0
2019-10-01,MARINE PARADE,815000.0
2019-10-01,PASIR RIS,750000.0
2019-10-01,PUNGGOL,705000.0
2019-10-01,QUEENSTOWN,820000.0
2019-10-01,SEMBAWANG,525000.0
2019-10-01,SENGKANG,715000.0
2019-10-01,SERANGOON,780000.0
2019-10-01,TAMPINES,842000.0
2019-10-01,TOA PAYOH,850000.0
2019-10-01,WOODLANDS,590000.0
2019-10-01,YISHUN,710000.0
2019-11-01,ANG MO KIO,820000.0
2019-11-01,BEDOK,790000.0
2019-11-01,BISHAN,820000.0
2019-11-01,BUKIT BATOK,728000.0
2019-11-01,BUKIT MERAH,838000.0
2019-11-01,BUKIT PANJANG,720500.0
2019-11-01,BUKIT TIMAH,842000.0
2019-11-01,CENTRAL AREA,750000.0
2019-11-01,CHOA CHU KANG,618000.0
2019-11-01,CLEMENTI,780000.0
2019-11-01,GEYLANG,795000.0
2019-11-01,HOUGANG,828000.0
2019-11-01,JURONG EAST,810000.0
2019-11-01,JURONG WEST,658000.0
2019-11-01,KALLANG/WHAMPOA,846888.0
2019-11-01,MARINE PARADE,710000.0
2019-11-01,PASIR RIS,710000.0
2019-11-01,PUNGGOL,740000.0
2019-11-01,QUEENSTOWN,845000.0
2019-11-01,SEMBAWANG,555000.0
2019-11-01,SENGKANG,705000.0
2019-11-01,SERANGOON,860000.0
2019-11-01,TAMPINES,830000.0
2019-11-01,TOA PAYOH,835000.0
2019-11-01,WOODLANDS,599999.0
2019-11-01,YISHUN,618000.0
2019-12-01,ANG MO KIO,780000.0
2019-12-01,BEDOK,740000.0
2019-12-01,BISHAN,788000.0
2019-12-01,BUKIT BATOK,650000.0
2019-12-01,BUKIT MERAH,860000.0
2019-12-01,BUKIT PANJANG,770000.0
2019-12-01,BUKIT TIMAH,725000.0
2019-12-01,CENTRAL AREA,620000.0
2019-12-01,CHOA CHU KANG,630000.0
2019-12-01,CLEMENTI,740000.0
2019-12-01,GEYLANG,838000.0
2019-12-01,HOUGANG,825000.0
2019-12-01,JURONG EAST,770000.0
2019-12-01,JURONG WEST,680000.0
2019-12-01,KALLANG/WHAMPOA,850000.0
2019-12-01,MARINE PARADE,820000.0
2019-12-01,PASIR RIS,735000.0
2019-12-01,PUNGGOL,720000.0
2019-12-01,QUEENSTOWN,838000.0
2019-12-01,SEMBAWANG,520000.0
2019-12-01,SENGKANG,690000.0
2019-12-01,SERANGOON,775000.0
2019-12-01,TAMPINES,800000.0
2019-12-01,TOA PAYOH,860000.0
2019-12-01,WOODLANDS,585000.0
2019-12-01,YISHUN,620000.0
2020-01-01,ANG MO KIO,840000.0
2020-01-01,BEDOK,798888.0
2020-01-01,BISHAN,860000.0
2020-01-01,BUKIT BATOK,720000.0
2020-01-01,BUKIT MERAH,845888.0
2020-01-01,BUKIT PANJANG,720000.0
2020-01-01,BUKIT TIMAH,850000.0
2020-01-01,CENTRAL AREA,465000.0
2020-01-01,CHOA CHU KANG,622000.0
2020-01-01,CLEMENTI,860000.0
2020-01-01,GEYLANG,818000.0
2020-01-01,HOUGANG,853000.0
2020-01-01,JURONG EAST,820000.0
2020-01-01,JURONG WEST,720000.0
2020-01-01,KALLANG/WHAMPOA,855000.0
2020-01-01,MARINE PARADE,535000.0
2020-01-01,PASIR RIS,775000.0
2020-01-01,PUNGGOL,695000.0
2020-01-01,QUEENSTOWN,860000.0
2020-01-01,SEMBAWANG,522000.0
2020-01-01,SENGKANG,615000.0
2020-01-01,SERANGOON,800000.0
2020-01-01,TAMPINES,812000.0
2020-01-01,TOA PAYOH,838000.0
2020-01-01,WOODLANDS,545000.0
2020-01-01,YISHUN,715000.0
2020-02-01,ANG MO KIO,840000.0
2020-02-01,BEDOK,815000.0
2020-02-01,BISHAN,858000.0
2020-02-01,BUKIT BATOK,665000.0
2020-02-01,BUKIT MERAH,850000.0
2020-02-01,BUKIT PANJANG,760000.0
2020-02-01,BUKIT TIMAH,
2020-02-01,CENTRAL AREA,600000.0
2020-02-01,CHOA CHU KANG,602000.0
2020-02-01,CLEMENTI,815000.0
2020-02-01,GEYLANG,862000.0
2020-02-01,HOUGANG,858000.0
2020-02-01,JURONG EAST,770000.0
2020-02-01,JURONG WEST,666000.0
2020-02-01,KALLANG/WHAMPOA,745000.0
2020-02-01,MARINE PARADE,860000.0
2020-02-01,PASIR RIS,770000.0
2020-02-01,PUNGGOL,700000.0
2020-02-01,QUEENSTOWN,850000.0
2020-02-01,SEMBAWANG,540000.0
2020-02-01,SENGKANG,700000.0
2020-02-01,SERANGOON,720000.0
2020-02-01,TAMPINES,795000.0
2020-02-01,TOA PAYOH,788000.0
2020-02-01,WOODLANDS,570000.0
2020-02-01,YISHUN,630000.0
2020-03-01,ANG MO KIO,852888.0
2020-03-01,BEDOK,822000.0
2020-03-01,BISHAN,860000.0
2020-03-01,BUKIT BATOK,708000.0
2020-03-01,BUKIT MERAH,850000.0
2020-03-01,BUKIT PANJANG,665000.0
2020-03-01,BUKIT TIMAH,860000.0
2020-03-01,CENTRAL AREA,650000.0
2020-03-01,CHOA CHU KANG,582000.0
2020-03-01,CLEMENTI,855000.0
2020-03-01,GEYLANG,810000.0
2020-03-01,HOUGANG,765000.0
2020-03-01,JURONG EAST,818000.0
2020-03-01,JURONG WEST,720000.0
2020-03-01,KALLANG/WHAMPOA,860000.0
2020-03-01,MARINE PARADE,495000.0
2020-03-01,PASIR RIS,760000.0
2020-03-01,PUNGGOL,643000.0
2020-03-01,QUEENSTOWN,860000.0
2020-03-01,SEMBAWANG,534888.0
2020-03-01,SENGKANG,700000.0
2020-03-01,SERANGOON,800000.0
2020-03-01,TAMPINES,808888.0
2020-03-01,TOA PAYOH,845000.0
2020-03-01,WOODLANDS,653000.0
2020-03-01,YISHUN,740000.0
2020-04-01,ANG MO KIO,815000.0
2020-04-01,BEDOK,780000.0
2020-04-01,BISHAN,808000.0
2020-04-01,BUKIT BATOK,575000.0
2020-04-01,BUKIT MERAH,802000.0
2020-04-01,BUKIT PANJANG,560000.0
2020-04-01,BUKIT TIMAH,400000.0
2020-04-01,CENTRAL AREA,
2020-04-01,CHOA CHU KANG,590000.0
2020-04-01,CLEMENTI,825000.0
2020-04-01,GEYLANG,733000.0
2020-04-01,HOUGANG,710000.0
2020-04-01,JURONG EAST,670000.0
2020-04-01,JURONG WEST,713800.0
2020-04-01,KALLANG/WHAMPOA,770000.0
2020-04-01,MARINE PARADE,458000.0
2020-04-01,PASIR RIS,650000.0
2020-04-01,PUNGGOL,688000.0
2020-04-01,QUEENSTOWN,850000.0
2020-04-01,SEMBAWANG,515000.0
2020-04-01,SENGKANG,610000.0
2020-04-01,SERANGOON,618000.0
2020-04-01,TAMPINES,800000.0
2020-04-01,TOA PAYOH,830000.0
2020-04-01,WOODLANDS,611000.0
2020-04-01,YISHUN,678000.0
2020-05-01,ANG MO KIO,835000.0
2020-05-01,BEDOK,700000.0
2020-05-01,BISHAN,555000.0
2020-05-01,BUKIT BATOK,570000.0
2020-05-01,BUKIT MERAH,826000.0
2020-05-01,BUKIT PANJANG,555000.0
2020-05-01,BUKIT TIMAH,860000.0
2020-05-01,CENTRAL AREA,465000.0
2020-05-01,CHOA CHU KANG,620000.0
2020-05-01,CLEMENTI,655000.0
2020-05-01,GEYLANG,788000.0
2020-05-01,HOUGANG,780000.0
2020-05-01,JURONG EAST,630000.0
2020-05-01,JURONG WEST,678000.0
2020-05-01,KALLANG/WHAMPOA,663888.0
2020-05-01,MARINE PARADE,760000.0
2020-05-01,PASIR RIS,615000.0
2020-05-01,PUNGGOL,670000.0
2020-05-01,QUEENSTOWN,760000.0
2020-05-01,SEMBAWANG,478000.0
2020-05-01,SENGKANG,585000.0
2020-05-01,SERANGOON,685000.0
2020-05-01,TAMPINES,630000.0
2020-05-01,TOA PAYOH,862500.0
2020-05-01,WOODLANDS,545000.0
2020-05-01,YISHUN,652888.0
2020-06-01,ANG MO KIO,818000.0
2020-06-01,BEDOK,810000.0
2020-06-01,BISHAN,833800.0
2020-06-01,BUKIT BATOK,720000.0
2020-06-01,BUKIT MERAH,850000.0
2020-06-01,BUKIT PANJANG,690000.0
2020-06-01,BUKIT TIMAH,828000.0
2020-06-01,CENTRAL AREA,690000.0
2020-06-01,CHOA CHU KANG,618000.0
2020-06-01,CLEMENTI,760000.0
2020-06-01,GEYLANG,860000.0
2020-06-01,HOUGANG,840000.0
2020-06-01,JURONG EAST,650000.0
2020-06-01,JURONG WEST,666000.0
2020-06-01,KALLANG/WHAMPOA,733888.0
2020-06-01,MARINE PARADE,760000.0
2020-06-01,PASIR RIS,790000.0
2020-06-01,PUNGGOL,860000.0
2020-06-01,QUEENSTOWN,860000.0
2020-06-01,SEMBAWANG,488000.0
2020-06-01,SENGKANG,620000.0
2020-06-01,SERANGOON,820000.0
2020-06-01,TAMPINES,857000.0
2020-06-01,TOA PAYOH,860000.0
2020-06-01,WOODLANDS,580000.0
2020-06-01,YISHUN,660000.0
2020-07-01,ANG MO KIO,740000.0
2020-07-01,BEDOK,843000.0
2020-07-01,BISHAN,852000.0
2020-07-01,BUKIT BATOK,729000.0
2020-07-01,BUKIT MERAH,840000.0
2020-07-01,BUKIT PANJANG,712888.0
2020-07-01,BUKIT TIMAH,718000.0
2020-07-01,CENTRAL AREA,710000.0
2020-07-01,CHOA CHU KANG,622000.0
2020-07-01,CLEMENTI,845000.0
2020-07-01,GEYLANG,740000.0
2020-07-01,HOUGANG,785000.0
2020-07-01,JURONG EAST,785000.0
2020-07-01,JURONG WEST,710000.0
2020-07-01,KALLANG/WHAMPOA,710000.0
2020-07-01,MARINE PARADE,735000.0
2020-07-01,PASIR RIS,708000.0
2020-07-01,PUNGGOL,760000.0
2020-07-01,QUEENSTOWN,855000.0
2020-07-01,SEMBAWANG,555000.0
2020-07-01,SENGKANG,665000.0
2020-07-01,SERANGOON,800000.0
2020-07-01,TAMPINES,830000.0
2020-07-01,TOA PAYOH,838000.0
2020-07-01,WOODLANDS,580000.0
2020-07-01,YISHUN,597000.0
2020-08-01,ANG MO KIO,828000.0
2020-08-01,BEDOK,840000.0
2020-08-01,BISHAN,845000.0
2020-08-01,BUKIT BATOK,710000.0
2020-08-01,BUKIT MERAH,858000.0
2020-08-01,BUKIT PANJANG,790000.0
2020-08-01,BUKIT TIMAH,850000.0
2020-08-01,CENTRAL AREA,586000.0
2020-08-01,CHOA CHU KANG,590000.0
2020-08-01,CLEMENTI,780888.0
2020-08-01,GEYLANG,770000.0
2020-08-01,HOUGANG,830000.0
2020-08-01,JURONG EAST,777000.0
2020-08-01,JURONG WEST,710000.0
2020-08-01,KALLANG/WHAMPOA,850000.0
2020-08-01,MARINE PARADE,488000.0
2020-08-01,PASIR RIS,730000.0
2020-08-01,PUNGGOL,755000.0
2020-08-01,QUEENSTOWN,860000.0
2020-08-01,SEMBAWANG,533000.0
2020-08-01,SENGKANG,726000.0
2020-08-01,SERANGOON,840000.0
2020-08-01,TAMPINES,820000.0
2020-08-01,TOA PAYOH,780000.0
2020-08-01,WOODLANDS,590000.0
2020-08-01,YISHUN,639888.0
2020-09-01,ANG MO KIO,850888.0
2020-09-01,BEDOK,856000.0
2020-09-01,BISHAN,850000.0
2020-09-01,BUKIT BATOK,760000.0
2020-09-01,BUKIT MERAH,862000.0
2020-09-01,BUKIT PANJANG,818000.0
2020-09-01,BUKIT TIMAH,828000.0
2020-09-01,CENTRAL AREA,680000.0
2020-09-01,CHOA CHU KANG,668800.0
2020-09-01,CLEMENTI,855000.0
2020-09-01,GEYLANG,858000.0
2020-09-01,HOUGANG,800000.0
2020-09-01,JURONG EAST,800000.0
2020-09-01,JURONG WEST,675000.0
2020-09-01,KALLANG/WHAMPOA,860000.0
2020-09-01,MARINE PARADE,777000.0
2020-09-01,PASIR RIS,770000.0
2020-09-01,PUNGGOL,745000.0
2020-09-01,QUEENSTOWN,860000.0
2020-09-01,SEMBAWANG,543000.0
2020-09-01,SENGKANG,724000.0
2020-09-01,SERANGOON,750000.0
2020-09-01,TAMPINES,815000.0
2020-09-01,TOA PAYOH,850000.0
2020-09-01,WOODLANDS,580000.0
2020-09-01,YISHUN,770000.0
2020-10-01,ANG MO KIO,853000.0
2020-10-01,BEDOK,800000.0
2020-10-01,BISHAN,860000.0
2020-10-01,BUKIT BATOK,745000.0
2020-10-01,BUKIT MERAH,860000.0
2020-10-01,BUKIT PANJANG,800000.0
2020-10-01,BUKIT TIMAH,832000.0
2020-10-01,CENTRAL AREA,670000.0
2020-10-01,CHOA CHU KANG,618000.0
2020-10-01,CLEMENTI,862000.0
2020-10-01,GEYLANG,828888.0
2020-10-01,HOUGANG,808000.0
2020-10-01,JURONG EAST,820000.0
2020-10-01,JURONG WEST,739000.0
2020-10-01,KALLANG/WHAMPOA,800000.0
2020-10-01,MARINE PARADE,843000.0
2020-10-01,PASIR RIS,765000.0
2020-10-01,PUNGGOL,739888.0
2020-10-01,QUEENSTOWN,860000.0
2020-10-01,SEMBAWANG,575000.0
2020-10-01,SENGKANG,700000.0
2020-10-01,SERANGOON,860000.0
2020-10-01,TAMPINES,850000.0
2020-10-01,TOA PAYOH,855000.0
2020-10-01,WOODLANDS,638000.0
2020-10-01,YISHUN,720000.0
2020-11-01,ANG MO KIO,845000.0
2020-11-01,BEDOK,786000.0
2020-11-01,BISHAN,820000.0
2020-11-01,BUKIT BATOK,805000.0
2020-11-01,BUKIT MERAH,860000.0
2020-11-01,BUKIT PANJANG,738888.0
2020-11-01,BUKIT TIMAH,750000.0
2020-11-01,CENTRAL AREA,681000.0
2020-11-01,CHOA CHU KANG,599000.0
2020-11-01,CLEMENTI,860000.0
2020-11-01,GEYLANG,800000.0
2020-11-01,HOUGANG,810000.0
2020-11-01,JURONG EAST,800000.0
2020-11-01,JURONG WEST,735000.0
2020-11-01,KALLANG/WHAMPOA,860000.0
2020-11-01,MARINE PARADE,808000.0
2020-11-01,PASIR RIS,785000.0
2020-11-01,PUNGGOL,708000.0
2020-11-01,QUEENSTOWN,855000.0
2020-11-01,SEMBAWANG,577000.0
2020-11-01,SENGKANG,730000.0
2020-11-01,SERANGOON,816000.0
2020-11-01,TAMPINES,845000.0
2020-11-01,TOA PAYOH,858000.0
2020-11-01,WOODLANDS,610000.0
2020-11-01,YISHUN,660000.0
2020-12-01,ANG MO KIO,860000.0
2020-12-01,BEDOK,813000.0
2020-12-01,BISHAN,860000.0
2020-12-01,BUKIT BATOK,772288.0
2020-12-01,BUKIT MERAH,850000.0
2020-12-01,BUKIT PANJANG,750000.0
2020-12-01,BUKIT TIMAH,765000.0
2020-12-01,CENTRAL AREA,768000.0
2020-12-01,CHOA CHU KANG,585000.0
2020-12-01,CLEMENTI,855000.0
2020-12-01,GEYLANG,840000.0
2020-12-01,HOUGANG,845888.0
2020-12-01,JURONG EAST,820000.0
2020-12-01,JURONG WEST,707500.0
2020-12-01,KALLANG/WHAMPOA,850000.0
2020-12-01,MARINE PARADE,847500.0
2020-12-01,PASIR RIS,775000.0
2020-12-01,PUNGGOL,725000.0
2020-12-01,QUEENSTOWN,860888.0
2020-12-01,SEMBAWANG,555000.0
2020-12-01,SENGKANG,650000.0
2020-12-01,SERANGOON,833888.0
2020-12-01,TAMPINES,828000.0
2020-12-01,TOA PAYOH,855000.0
2020-12-01,WOODLANDS,670000.0
2020-12-01,YISHUN,683500.0
2021-01-01,ANG MO KIO,830000.0
2021-01-01,BEDOK,838000.0
2021-01-01,BISHAN,858000.0
2021-01-01,BUKIT BATOK,738000.0
2021-01-01,BUKIT MERAH,860000.0
2021-01-01,BUKIT PANJANG,790000.0
2021-01-01,BUKIT TIMAH,828000.0
2021-01-01,CENTRAL AREA,665000.0
2021-01-01,CHOA CHU KANG,680000.0
2021-01-01,CLEMENTI,816000.0
2021-01-01,GEYLANG,850000.0
2021-01-01,HOUGANG,817000.0
2021-01-01,JURONG EAST,850000.0
2021-01-01,JURONG WEST,635000.0
2021-01-01,KALLANG/WHAMPOA,828000.0
2021-01-01,MARINE PARADE,850000.0
2021-01-01,PASIR RIS,838000.0
2021-01-01,PUNGGOL,736000.0
2021-01-01,QUEENSTOWN,861888.0
2021-01-01,SEMBAWANG,588000.0
2021-01-01,SENGKANG,718000.0
2021-01-01,SERANGOON,850000.0
2021-01-01,TAMPINES,825000.0
2021-01-01,TOA PAYOH,860000.0
2021-01-01,WOODLANDS,620000.0
2021-01-01,YISHUN,698000.0
2021-02-01,ANG MO KIO,850000.0
2021-02-01,BEDOK,795000.0
2021-02-01,BISHAN,850000.0
2021-02-01,BUKIT BATOK,788000.0
2021-02-01,BUKIT MERAH,860000.0
2021-02-01,BUKIT PANJANG,825888.0
2021-02-01,BUKIT TIMAH,850000.0
2021-02-01,CENTRAL AREA,538000.0
2021-02-01,CHOA CHU KANG,630000.0
2021-02-01,CLEMENTI,860000.0
2021-02-01,GEYLANG,858000.0
2021-02-01,HOUGANG,765000.0
2021-02-01,JURONG EAST,765000.0
2021-02-01,JURONG WEST,730000.0
2021-02-01,KALLANG/WHAMPOA,860000.0
2021-02-01,MARINE PARADE,795000.0
2021-02-01,PASIR RIS,760000.0
2021-02-01,PUNGGOL,735000.0
2021-02-01,QUEENSTOWN,855000.0
2021-02-01,SEMBAWANG,530000.0
2021-02-01,SENGKANG,750000.0
2021-02-01,SERANGOON,780000.0
2021-02-01,TAMPINES,830000.0
2021-02-01,TOA PAYOH,858888.0
2021-02-01,WOODLANDS,650000.0
2021-02-01,YISHUN,705000.0
2021-03-01,ANG MO KIO,850000.0
2021-03-01,BEDOK,862000.0
2021-03-01,BISHAN,850000.0
2021-03-01,BUKIT BATOK,838888.0
2021-03-01,BUKIT MERAH,860000.0
2021-03-01,BUKIT PANJANG,758000.0
2021-03-01,BUKIT TIMAH,580000.0
2021-03-01,CENTRAL AREA,860000.0
2021-03-01,CHOA CHU KANG,612000.0
2021-03-01,CLEMENTI,823828.0
2021-03-01,GEYLANG,843888.0
2021-03-01,HOUGANG,800000.0
2021-03-01,JURONG EAST,828000.0
2021-03-01,JURONG WEST,743000.0
2021-03-01,KALLANG/WHAMPOA,858000.0
2021-03-01,MARINE PARADE,858000.0
2021-03-01,PASIR RIS,786888.0
2021-03-01,PUNGGOL,720000.0
2021-03-01,QUEENSTOWN,860888.0
2021-03-01,SEMBAWANG,605000.0
2021-03-01,SENGKANG,750000.0
2021-03-01,SERANGOON,835000.0
2021-03-01,TAMPINES,855000.0
2021-03-01,TOA PAYOH,850000.0
2021-03-01,WOODLANDS,640000.0
2021-03-01,YISHUN,700000.0
2021-04-01,ANG MO KIO,770000.0
2021-04-01,BEDOK,860000.0
2021-04-01,BISHAN,850000.0
2021-04-01,BUKIT BATOK,735000.0
2021-04-01,BUKIT MERAH,855000.0
2021-04-01,BUKIT PANJANG,750000.0
2021-04-01,BUKIT TIMAH,678000.0
2021-04-01,CENTRAL AREA,830000.0
2021-04-01,CHOA CHU KANG,663800.0
2021-04-01,CLEMENTI,858000.0
2021-04-01,GEYLANG,840000.0
2021-04-01,HOUGANG,860000.0
2021-04-01,JURONG EAST,830000.0
2021-04-01,JURONG WEST,745000.0
2021-04-01,KALLANG/WHAMPOA,840000.0
2021-04-01,MARINE PARADE,855000.0
2021-04-01,PASIR RIS,858000.0
2021-04-01,PUNGGOL,740000.0
2021-04-01,QUEENSTOWN,840000.0
2021-04-01,SEMBAWANG,625000.0
2021-04-01,SENGKANG,745000.0
2021-04-01,SERANGOON,800000.0
2021-04-01,TAMPINES,830000.0
2021-04-01,TOA PAYOH,835000.0
2021-04-01,WOODLANDS,690888.0
2021-04-01,YISHUN,730000.0
2021-05-01,ANG MO KIO,784999.0
2021-05-01,BEDOK,825000.0
2021-05-01,BISHAN,820000.0
2021-05-01,BUKIT BATOK,738000.0
2021-05-01,BUKIT MERAH,862000.0
2021-05-01,BUKIT PANJANG,858888.0
2021-05-01,BUKIT TIMAH,770000.0
2021-05-01,CENTRAL AREA,715000.0
2021-05-01,CHOA CHU KANG,720000.0
2021-05-01,CLEMENTI,860000.0
2021-05-01,GEYLANG,833888.0
2021-05-01,HOUGANG,780000.0
2021-05-01,JURONG EAST,832000.0
2021-05-01,JURONG WEST,798000.0
2021-05-01,KALLANG/WHAMPOA,845000.0
2021-05-01,MARINE PARADE,820000.0
2021-05-01,PASIR RIS,826000.0
2021-05-01,PUNGGOL,760000.0
2021-05-01,QUEENSTOWN,855000.0
2021-05-01,SEMBAWANG,580000.0
2021-05-01,SENGKANG,757000.0
2021-05-01,SERANGOON,820000.0
2021-05-01,TAMPINES,848000.0
2021-05-01,TOA PAYOH,860000.0
2021-05-01,WOODLANDS,730000.0
2021-05-01,YISHUN,738000.0
2021-06-01,ANG MO KIO,812000.0
2021-06-01,BEDOK,850000.0
2021-06-01,BISHAN,858888.0
2021-06-01,BUKIT BATOK,820000.0
2021-06-01,BUKIT MERAH,853000.0
2021-06-01,BUKIT PANJANG,801000.0
2021-06-01,BUKIT TIMAH,820000.0
2021-06-01,CENTRAL AREA,738000.0
2021-06-01,CHOA CHU KANG,685000.0
2021-06-01,CLEMENTI,840000.0
2021-06-01,GEYLANG,810000.0
2021-06-01,HOUGANG,860000.0
2021-06-01,JURONG EAST,850000.0
2021-06-01,JURONG WEST,750000.0
2021-06-01,KALLANG/WHAMPOA,792888.0
2021-06-01,MARINE PARADE,855001.0
2021-06-01,PASIR RIS,800000.0
2021-06-01,PUNGGOL,750000.0
2021-06-01,QUEENSTOWN,860000.0
2021-06-01,SEMBAWANG,685000.0
2021-06-01,SENGKANG,775000.0
2021-06-01,SERANGOON,860000.0
2021-06-01,TAMPINES,800000.0
2021-06-01,TOA PAYOH,860000.0
2021-06-01,WOODLANDS,730000.0
2021-06-01,YISHUN,715000.0
2021-07-01,ANG MO KIO,813000.0
2021-07-01,BEDOK,853000.0
2021-07-01,BISHAN,850000.0
2021-07-01,BUKIT BATOK,763000.0
2021-07-01,BUKIT MERAH,860000.0
2021-07-01,BUKIT PANJANG,825000.0
2021-07-01,BUKIT TIMAH,702900.0
2021-07-01,CENTRAL AREA,506000.0
2021-07-01,CHOA CHU KANG,680000.0
2021-07-01,CLEMENTI,843000.0
2021-07-01,GEYLANG,815000.0
2021-07-01,HOUGANG,860000.0
2021-07-01,JURONG EAST,795000.0
2021-07-01,JURONG WEST,745000.0
2021-07-01,KALLANG/WHAMPOA,860000.0
2021-07-01,MARINE PARADE,853000.0
2021-07-01,PASIR RIS,860800.0
2021-07-01,PUNGGOL,750000.0
2021-07-01,QUEENSTOWN,860000.0
2021-07-01,SEMBAWANG,625000.0
2021-07-01,SENGKANG,812000.0
2021-07-01,SERANGOON,830000.0
2021-07-01,TAMPINES,850000.0
2021-07-01,TOA PAYOH,818000.0
2021-07-01,WOODLANDS,730000.0
2021-07-01,YISHUN,730000.0
2021-08-01,ANG MO KIO,780000.0
2021-08-01,BEDOK,838000.0
2021-08-01,BISHAN,835000.0
2021-08-01,BUKIT BATOK,830000.0
2021-08-01,BUKIT MERAH,860000.0
2021-08-01,BUKIT PANJANG,800000.0
2021-08-01,BUKIT TIMAH,750000.0
2021-08-01,CENTRAL AREA,858000.0
2021-08-01,CHOA CHU KANG,722000.0
2021-08-01,CLEMENTI,845000.0
2021-08-01,GEYLANG,856000.0
2021-08-01,HOUGANG,838000.0
2021-08-01,JURONG EAST,855000.0
2021-08-01,JURONG WEST,745888.0
2021-08-01,KALLANG/WHAMPOA,855000.0
2021-08-01,MARINE PARADE,829000.0
2021-08-01,PASIR RIS,808000.0
2021-08-01,PUNGGOL,748000.0
2021-08-01,QUEENSTOWN,860000.0
2021-08-01,SEMBAWANG,630000.0
2021-08-01,SENGKANG,785000.0
2021-08-01,SERANGOON,800000.0
2021-08-01,TAMPINES,833000.0
2021-08-01,TOA PAYOH,838000.0
2021-08-01,WOODLANDS,730000.0
2021-08-01,YISHUN,745000.0
2021-09-01,ANG MO KIO,810000.0
2021-09-01,BEDOK,855000.0
2021-09-01,BISHAN,830000.0
2021-09-01,BUKIT BATOK,838000.0
2021-09-01,BUKIT MERAH,857000.0
2021-09-01,BUKIT PANJANG,800000.0
2021-09-01,BUKIT TIMAH,828000.0
2021-09-01,CENTRAL AREA,700000.0
2021-09-01,CHOA CHU KANG,640000.0
2021-09-01,CLEMENTI,795000.0
2021-09-01,GEYLANG,800000.0
2021-09-01,HOUGANG,810000.0
2021-09-01,JURONG EAST,850000.0
2021-09-01,JURONG WEST,718888.0
2021-09-01,KALLANG/WHAMPOA,858888.0
2021-09-01,MARINE PARADE,818000.0
2021-09-01,PASIR RIS,852000.0
2021-09-01,PUNGGOL,750000.0
2021-09-01,QUEENSTOWN,860000.0
2021-09-01,SEMBAWANG,705000.0
2021-09-01,SENGKANG,775000.0
2021-09-01,SERANGOON,811800.0
2021-09-01,TAMPINES,859000.0
2021-09-01,TOA PAYOH,852000.0
2021-09-01,WOODLANDS,800000.0
2021-09-01,YISHUN,760000.0
2021-10-01,ANG MO KIO,825000.0
2021-10-01,BEDOK,845000.0
2021-10-01,BISHAN,830000.0
2021-10-01,BUKIT BATOK,855000.0
2021-10-01,BUKIT MERAH,860000.0
2021-10-01,BUKIT PANJANG,790000.0
2021-10-01,BUKIT TIMAH,860000.0
2021-10-01,CENTRAL AREA,838000.0
2021-10-01,CHOA CHU KANG,702888.0
2021-10-01,CLEMENTI,790000.0
2021-10-01,GEYLANG,790000.0
2021-10-01,HOUGANG,848888.0
2021-10-01,JURONG EAST,650000.0
2021-10-01,JURONG WEST,780000.0
2021-10-01,KALLANG/WHAMPOA,838888.0
2021-10-01,MARINE PARADE,850000.0
2021-10-01,PASIR RIS,860000.0
2021-10-01,PUNGGOL,770000.0
2021-10-01,QUEENSTOWN,838000.0
2021-10-01,SEMBAWANG,650000.0
2021-10-01,SENGKANG,785000.0
2021-10-01,SERANGOON,860000.0
2021-10-01,TAMPINES,860000.0
2021-10-01,TOA PAYOH,858000.0
2021-10-01,WOODLANDS,750000.0
2021-10-01,YISHUN,800000.0
2021-11-01,ANG MO KIO,840000.0
2021-11-01,BEDOK,850000.0
2021-11-01,BISHAN,780000.0
2021-11-01,BUKIT BATOK,820000.0
2021-11-01,BUKIT MERAH,860000.0
2021-11-01,BUKIT PANJANG,776000.0
2021-11-01,BUKIT TIMAH,683000.0
2021-11-01,CENTRAL AREA,688000.0
2021-11-01,CHOA CHU KANG,745000.0
2021-11-01,CLEMENTI,810000.0
2021-11-01,GEYLANG,858000.0
2021-11-01,HOUGANG,856000.0
2021-11-01,JURONG EAST,855000.0
2021-11-01,JURONG WEST,734000.0
2021-11-01,KALLANG/WHAMPOA,860000.0
2021-11-01,MARINE PARADE,860000.0
2021-11-01,PASIR RIS,845000.0
2021-11-01,PUNGGOL,788000.0
2021-11-01,QUEENSTOWN,848000.0
2021-11-01,SEMBAWANG,650000.0
2021-11-01,SENGKANG,820000.0
2021-11-01,SERANGOON,800000.0
2021-11-01,TAMPINES,824000.0
2021-11-01,TOA PAYOH,850000.0
2021-11-01,WOODLANDS,718000.0
2021-11-01,YISHUN,780000.0
2021-12-01,ANG MO KIO,798000.0
2021-12-01,BEDOK,850000.0
2021-12-01,BISHAN,820000.0
2021-12-01,BUKIT BATOK,850000.0
2021-12-01,BUKIT MERAH,860000.0
2021-12-01,BUKIT PANJANG,818000.0
2021-12-01,BUKIT TIMAH,703600.0
2021-12-01,CENTRAL AREA,851000.0
2021-12-01,CHOA CHU KANG,718000.0
2021-12-01,CLEMENTI,862000.0
2021-12-01,GEYLANG,830000.0
2021-12-01,HOUGANG,815000.0
2021-12-01,JURONG EAST,850000.0
2021-12-01,JURONG WEST,688000.0
2021-12-01,KALLANG/WHAMPOA,840000.0
2021-12-01,MARINE PARADE,828000.0
2021-12-01,PASIR RIS,790000.0
2021-12-01,PUNGGOL,778000.0
2021-12-01,QUEENSTOWN,855000.0
2021-12-01,SEMBAWANG,660000.0
2021-12-01,SENGKANG,810000.0
2021-12-01,SERANGOON,850000.0
2021-12-01,TAMPINES,858000.0
2021-12-01,TOA PAYOH,855000.0
2021-12-01,WOODLANDS,743000.0
2021-12-01,YISHUN,848000.0
2022-01-01,ANG MO KIO,838000.0
2022-01-01,BEDOK,850000.0
2022-01-01,BISHAN,832000.0
2022-01-01,BUKIT BATOK,840000.0
2022-01-01,BUKIT MERAH,860000.0
2022-01-01,BUKIT PANJANG,828000.0
2022-01-01,BUKIT TIMAH,828000.0
2022-01-01,CENTRAL AREA,740000.0
2022-01-01,CHOA CHU KANG,775000.0
2022-01-01,CLEMENTI,860000.0
2022-01-01,GEYLANG,822000.0
2022-01-01,HOUGANG,840000.0
2022-01-01,JURONG EAST,720888.0
2022-01-01,JURONG WEST,715000.0
2022-01-01,KALLANG/WHAMPOA,848000.0
2022-01-01,MARINE PARADE,850000.0
2022-01-01,PASIR RIS,838000.0
2022-01-01,PUNGGOL,828000.0
2022-01-01,QUEENSTOWN,860000.0
2022-01-01,SEMBAWANG,700000.0
2022-01-01,SENGKANG,840000.0
2022-01-01,SERANGOON,818000.0
2022-01-01,TAMPINES,840000.0
2022-01-01,TOA PAYOH,850000.0
2022-01-01,WOODLANDS,780000.0
2022-01-01,YISHUN,830000.0
2022-02-01,ANG MO KIO,840000.0
2022-02-01,BEDOK,770000.0
2022-02-01,BISHAN,850000.0
2022-02-01,BUKIT BATOK,850000.0
2022-02-01,BUKIT MERAH,858000.0
2022-02-01,BUKIT PANJANG,802888.0
2022-02-01,BUKIT TIMAH,776000.0
2022-02-01,CENTRAL AREA,588000.0
2022-02-01,CHOA CHU KANG,670000.0
2022-02-01,CLEMENTI,850000.0
2022-02-01,GEYLANG,855000.0
2022-02-01,HOUGANG,861000.0
2022-02-01,JURONG EAST,850000.0
2022-02-01,JURONG WEST,738000.0
2022-02-01,KALLANG/WHAMPOA,858000.0
2022-02-01,MARINE PARADE,760000.0
2022-02-01,PASIR RIS,850000.0
2022-02-01,PUNGGOL,805888.0
2022-02-01,QUEENSTOWN,850000.0
2022-02-01,SEMBAWANG,700000.0
2022-02-01,SENGKANG,828000.0
2022-02-01,SERANGOON,828000.0
2022-02-01,TAMPINES,848888.0
2022-02-01,TOA PAYOH,838000.0
2022-02-01,WOODLANDS,765000.0
2022-02-01,YISHUN,800000.0
2022-03-01,ANG MO KIO,860000.0
2022-03-01,BEDOK,830000.0
2022-03-01,BISHAN,855000.0
2022-03-01,BUKIT BATOK,800000.0
2022-03-01,BUKIT MERAH,835000.0
2022-03-01,BUKIT PANJANG,835000.0
2022-03-01,BUKIT TIMAH,580000.0
2022-03-01,CENTRAL AREA,735000.0
2022-03-01,CHOA CHU KANG,755000.0
2022-03-01,CLEMENTI,860000.0
2022-03-01,GEYLANG,858000.0
2022-03-01,HOUGANG,860000.0
2022-03-01,JURONG EAST,800000.0
2022-03-01,JURONG WEST,758000.0
2022-03-01,KALLANG/WHAMPOA,858000.0
2022-03-01,MARINE PARADE,830000.0
2022-03-01,PASIR RIS,850000.0
2022-03-01,PUNGGOL,778888.0
2022-03-01,QUEENSTOWN,835000.0
2022-03-01,SEMBAWANG,700000.0
2022-03-01,SENGKANG,820000.0
2022-03-01,SERANGOON,850000.0
2022-03-01,TAMPINES,858000.0
2022-03-01,TOA PAYOH,848000.0
2022-03-01,WOODLANDS,728000.0
2022-03-01,YISHUN,818000.0
2022-04-01,ANG MO KIO,860000.0
2022-04-01,BEDOK,825000.0
2022-04-01,BISHAN,850000.0
2022-04-01,BUKIT BATOK,850000.0
2022-04-01,BUKIT MERAH,860000.0
2022-04-01,BUKIT PANJANG,848000.0
2022-04-01,BUKIT TIMAH,732888.0
2022-04-01,CENTRAL AREA,640000.0
2022-04-01,CHOA CHU KANG,720000.0
2022-04-01,CLEMENTI,860000.0
2022-04-01,GEYLANG,845000.0
2022-04-01,HOUGANG,860000.0
2022-04-01,JURONG EAST,805000.0
2022-04-01,JURONG WEST,768000.0
2022-04-01,KALLANG/WHAMPOA,862000.0
2022-04-01,MARINE PARADE,828000.0
2022-04-01,PASIR RIS,850000.0
2022-04-01,PUNGGOL,770000.0
2022-04-01,QUEENSTOWN,860000.0
2022-04-01,SEMBAWANG,688888.0
2022-04-01,SENGKANG,850888.0
2022-04-01,SERANGOON,850000.0
2022-04-01,TAMPINES,855000.0
2022-04-01,TOA PAYOH,860000.0
2022-04-01,WOODLANDS,770000.0
2022-04-01,YISHUN,800000.0
2022-05-01,ANG MO KIO,855000.0
2022-05-01,BEDOK,830000.0
2022-05-01,BISHAN,858000.0
2022-05-01,BUKIT BATOK,862000.0
2022-05-01,BUKIT MERAH,855000.0
2022-05-01,BUKIT PANJANG,858000.0
2022-05-01,BUKIT TIMAH,840000.0
2022-05-01,CENTRAL AREA,710000.0
2022-05-01,CHOA CHU KANG,775000.0
2022-05-01,CLEMENTI,855000.0
2022-05-01,GEYLANG,832500.0
2022-05-01,HOUGANG,830000.0
2022-05-01,JURONG EAST,825000.0
2022-05-01,JURONG WEST,730000.0
2022-05-01,KALLANG/WHAMPOA,860000.0
2022-05-01,MARINE PARADE,840000.0
2022-05-01,PASIR RIS,835000.0
2022-05-01,PUNGGOL,830000.0
2022-05-01,QUEENSTOWN,860000.0
2022-05-01,SEMBAWANG,721000.0
2022-05-01,SENGKANG,810000.0
2022-05-01,SERANGOON,850000.0
2022-05-01,TAMPINES,850000.0
2022-05-01,TOA PAYOH,860000.0
2022-05-01,WOODLANDS,850000.0
2022-05-01,YISHUN,761000.0
2022-06-01,ANG MO KIO,841080.0
2022-06-01,BEDOK,858888.0
2022-06-01,BISHAN,850000.0
2022-06-01,BUKIT BATOK,840000.0
2022-06-01,BUKIT MERAH,855000.0
2022-06-01,BUKIT PANJANG,800000.0
2022-06-01,BUKIT TIMAH,628000.0
2022-06-01,CENTRAL AREA,740000.0
2022-06-01,CHOA CHU KANG,798000.0
2022-06-01,CLEMENTI,850000.0
2022-06-01,GEYLANG,845000.0
2022-06-01,HOUGANG,845000.0
2022-06-01,JURONG EAST,760000.0
2022-06-01,JURONG WEST,800000.0
2022-06-01,KALLANG/WHAMPOA,860000.0
2022-06-01,MARINE PARADE,838000.0
2022-06-01,PASIR RIS,860000.0
2022-06-01,PUNGGOL,800000.0
2022-06-01,QUEENSTOWN,860000.0
2022-06-01,SEMBAWANG,736000.0
2022-06-01,SENGKANG,860000.0
2022-06-01,SERANGOON,835000.0
2022-06-01,TAMPINES,856888.0
2022-06-01,TOA PAYOH,860000.0
2022-06-01,WOODLANDS,735000.0
2022-06-01,YISHUN,810000.0
2022-07-01,ANG MO KIO,850000.0
2022-07-01,BEDOK,860000.0
2022-07-01,BISHAN,860000.0
2022-07-01,BUKIT BATOK,845000.0
2022-07-01,BUKIT MERAH,862000.0
2022-07-01,BUKIT PANJANG,850000.0
2022-07-01,BUKIT TIMAH,768000.0
2022-07-01,CENTRAL AREA,750000.0
2022-07-01,CHOA CHU KANG,850000.0
2022-07-01,CLEMENTI,855000.0
2022-07-01,GEYLANG,808000.0
2022-07-01,HOUGANG,860000.0
2022-07-01,JURONG EAST,776888.0
2022-07-01,JURONG WEST,780000.0
2022-07-01,KALLANG/WHAMPOA,862100.0
2022-07-01,MARINE PARADE,839980.0
2022-07-01,PASIR RIS,838000.0
2022-07-01,PUNGGOL,828000.0
2022-07-01,QUEENSTOWN,860000.0
2022-07-01,SEMBAWANG,740000.0
2022-07-01,SENGKANG,811000.0
2022-07-01,SERANGOON,858000.0
2022-07-01,TAMPINES,858000.0
2022-07-01,TOA PAYOH,850000.0
2022-07-01,WOODLANDS,730000.0
2022-07-01,YISHUN,780000.0
2022-08-01,ANG MO KIO,860000.0
2022-08-01,BEDOK,850000.0
2022-08-01,BISHAN,850000.0
2022-08-01,BUKIT BATOK,841288.0
2022-08-01,BUKIT MERAH,860000.0
2022-08-01,BUKIT PANJANG,800000.0
2022-08-01,BUKIT TIMAH,773000.0
2022-08-01,CENTRAL AREA,640000.0
2022-08-01,CHOA CHU KANG,768000.0
2022-08-01,CLEMENTI,855000.0
2022-08-01,GEYLANG,838000.0
2022-08-01,HOUGANG,855000.0
2022-08-01,JURONG EAST,790000.0
2022-08-01,JURONG WEST,805000.0
2022-08-01,KALLANG/WHAMPOA,848000.0
2022-08-01,MARINE PARADE,860000.0
2022-08-01,PASIR RIS,860000.0
2022-08-01,PUNGGOL,785000.0
2022-08-01,QUEENSTOWN,843000.0
2022-08-01,SEMBAWANG,690000.0
2022-08-01,SENGKANG,830000.0
2022-08-01,SERANGOON,818000.0
2022-08-01,TAMPINES,862500.0
2022-08-01,TOA PAYOH,820000.0
2022-08-01,WOODLANDS,770000.0
2022-08-01,YISHUN,838888.0
2022-09-01,ANG MO KIO,852800.0
2022-09-01,BEDOK,830000.0
2022-09-01,BISHAN,860888.0
2022-09-01,BUKIT BATOK,860000.0
2022-09-01,BUKIT MERAH,860000.0
2022-09-01,BUKIT PANJANG,860000.0
2022-09-01,BUKIT TIMAH,743888.0
2022-09-01,CENTRAL AREA,828000.0
2022-09-01,CHOA CHU KANG,800000.0
2022-09-01,CLEMENTI,785888.0
2022-09-01,GEYLANG,860000.0
2022-09-01,HOUGANG,855000.0
2022-09-01,JURONG EAST,750000.0
2022-09-01,JURONG WEST,776000.0
2022-09-01,KALLANG/WHAMPOA,860000.0
2022-09-01,MARINE PARADE,595000.0
2022-09-01,PASIR RIS,855000.0
2022-09-01,PUNGGOL,838000.0
2022-09-01,QUEENSTOWN,860000.0
2022-09-01,SEMBAWANG,735000.0
2022-09-01,SENGKANG,860000.0
2022-09-01,SERANGOON,825000.0
2022-09-01,TAMPINES,860000.0
2022-09-01,TOA PAYOH,835000.0
2022-09-01,WOODLANDS,820000.0
2022-09-01,YISHUN,818000.0
2022-10-01,ANG MO KIO,858000.0
2022-10-01,BEDOK,850000.0
2022-10-01,BISHAN,860000.0
2022-10-01,BUKIT BATOK,855000.0
2022-10-01,BUKIT MERAH,858888.0
2022-10-01,BUKIT PANJANG,818000.0
2022-10-01,BUKIT TIMAH,790000.0
2022-10-01,CENTRAL AREA,785888.0
2022-10-01,CHOA CHU KANG,751888.0
2022-10-01,CLEMENTI,860000.0
2022-10-01,GEYLANG,850000.0
2022-10-01,HOUGANG,858137.0
2022-10-01,JURONG EAST,740000.0
2022-10-01,JURONG WEST,805000.0
2022-10-01,KALLANG/WHAMPOA,860500.0
2022-10-01,MARINE PARADE,840000.0
2022-10-01,PASIR RIS,850000.0
2022-10-01,PUNGGOL,850800.0
2022-10-01,QUEENSTOWN,795000.0
2022-10-01,SEMBAWANG,735000.0
2022-10-01,SENGKANG,750000.0
2022-10-01,SERANGOON,850000.0
2022-10-01,TAMPINES,861000.0
2022-10-01,TOA PAYOH,850000.0
2022-10-01,WOODLANDS,780000.0
2022-10-01,YISHUN,770800.0
2022-11-01,ANG MO KIO,820000.0
2022-11-01,BEDOK,858000.0
2022-11-01,BISHAN,838000.0
2022-11-01,BUKIT BATOK,860000.0
2022-11-01,BUKIT MERAH,860000.0
2022-11-01,BUKIT PANJANG,848888.0
2022-11-01,BUKIT TIMAH,845000.0
2022-11-01,CENTRAL AREA,751000.0
2022-11-01,CHOA CHU KANG,810000.0
2022-11-01,CLEMENTI,858000.0
2022-11-01,GEYLANG,840000.0
2022-11-01,HOUGANG,860000.0
2022-11-01,JURONG EAST,745888.0
2022-11-01,JURONG WEST,755000.0
2022-11-01,KALLANG/WHAMPOA,850000.0
2022-11-01,MARINE PARADE,848000.0
2022-11-01,PASIR RIS,830000.0
2022-11-01,PUNGGOL,833000.0
2022-11-01,QUEENSTOWN,850000.0
2022-11-01,SEMBAWANG,746000.0
2022-11-01,SENGKANG,822000.0
2022-11-01,SERANGOON,810000.0
2022-11-01,TAMPINES,855000.0
2022-11-01,TOA PAYOH,855000.0
2022-11-01,WOODLANDS,805888.0
2022-11-01,YISHUN,838888.0
2022-12-01,ANG MO KIO,823000.0
2022-12-01,BEDOK,850000.0
2022-12-01,BISHAN,850000.0
2022-12-01,BUKIT BATOK,850000.0
2022-12-01,BUKIT MERAH,855000.0
2022-12-01,BUKIT PANJANG,855000.0
2022-12-01,BUKIT TIMAH,615000.0
2022-12-01,CENTRAL AREA,735000.0
2022-12-01,CHOA CHU KANG,780000.0
2022-12-01,CLEMENTI,860000.0
2022-12-01,GEYLANG,860000.0
2022-12-01,HOUGANG,853000.0
2022-12-01,JURONG EAST,850000.0
2022-12-01,JURONG WEST,858000.0
2022-12-01,KALLANG/WHAMPOA,820000.0
2022-12-01,MARINE PARADE,753000.0
2022-12-01,PASIR RIS,838000.0
2022-12-01,PUNGGOL,838000.0
2022-12-01,QUEENSTOWN,795000.0
2022-12-01,SEMBAWANG,748000.0
2022-12-01,SENGKANG,811000.0
2022-12-01,SERANGOON,855000.0
2022-12-01,TAMPINES,846888.0
2022-12-01,TOA PAYOH,850000.0
2022-12-01,WOODLANDS,788000.0
2022-12-01,YISHUN,845000.0
2023-01-01,ANG MO KIO,858000.0
2023-01-01,BEDOK,850000.0
2023-01-01,BISHAN,785000.0
2023-01-01,BUKIT BATOK,860000.0
2023-01-01,BUKIT MERAH,860000.0
2023-01-01,BUKIT PANJANG,860000.0
2023-01-01,BUKIT TIMAH,840000.0
2023-01-01,CENTRAL AREA,700000.0
2023-01-01,CHOA CHU KANG,808888.0
2023-01-01,CLEMENTI,825000.0
2023-01-01,GEYLANG,828000.0
2023-01-01,HOUGANG,858000.0
2023-01-01,JURONG EAST,798000.0
2023-01-01,JURONG WEST,817000.0
2023-01-01,KALLANG/WHAMPOA,850000.0
2023-01-01,MARINE PARADE,845000.0
2023-01-01,PASIR RIS,845000.0
2023-01-01,PUNGGOL,820000.0
2023-01-01,QUEENSTOWN,838888.0
2023-01-01,SEMBAWANG,760000.0
2023-01-01,SENGKANG,802888.0
2023-01-01,SERANGOON,820000.0
2023-01-01,TAMPINES,856000.0
2023-01-01,TOA PAYOH,805000.0
2023-01-01,WOODLANDS,770000.0
2023-01-01,YISHUN,780000.0
2023-02-01,ANG MO KIO,838000.0
2023-02-01,BEDOK,840000.0
2023-02-01,BISHAN,860000.0
2023-02-01,BUKIT BATOK,830000.0
2023-02-01,BUKIT MERAH,850000.0
2023-02-01,BUKIT PANJANG,805888.0
2023-02-01,BUKIT TIMAH,755000.0
2023-02-01,CENTRAL AREA,788000.0
2023-02-01,CHOA CHU KANG,788888.0
2023-02-01,CLEMENTI,808000.0
2023-02-01,GEYLANG,785000.0
2023-02-01,HOUGANG,860000.0
2023-02-01,JURONG EAST,770000.0
2023-02-01,JURONG WEST,826800.0
2023-02-01,KALLANG/WHAMPOA,850000.0
2023-02-01,MARINE PARADE,838000.0
2023-02-01,PASIR RIS,840000.0
2023-02-01,PUNGGOL,845000.0
2023-02-01,QUEENSTOWN,858000.0
2023-02-01,SEMBAWANG,795000.0
2023-02-01,SENGKANG,862000.0
2023-02-01,SERANGOON,830000.0
2023-02-01,TAMPINES,825000.0
2023-02-01,TOA PAYOH,848000.0
2023-02-01,WOODLANDS,810000.0
2023-02-01,YISHUN,838888.0
2023-03-01,ANG MO KIO,860000.0
2023-03-01,BEDOK,855000.0
2023-03-01,BISHAN,850000.0
2023-03-01,BUKIT BATOK,845000.0
2023-03-01,BUKIT MERAH,860000.0
2023-03-01,BUKIT PANJANG,838000.0
2023-03-01,BUKIT TIMAH,813000.0
2023-03-01,CENTRAL AREA,725000.0
2023-03-01,CHOA CHU KANG,845000.0
2023-03-01,CLEMENTI,858000.0
2023-03-01,GEYLANG,862000.0
2023-03-01,HOUGANG,862000.0
2023-03-01,JURONG EAST,780000.0
2023-03-01,JURONG WEST,820000.0
2023-03-01,KALLANG/WHAMPOA,850000.0
2023-03-01,MARINE PARADE,808000.0
2023-03-01,PASIR RIS,843888.0
2023-03-01,PUNGGOL,835000.0
2023-03-01,QUEENSTOWN,862000.0
2023-03-01,SEMBAWANG,735000.0
2023-03-01,SENGKANG,810057.0
2023-03-01,SERANGOON,856000.0
2023-03-01,TAMPINES,860000.0
2023-03-01,TOA PAYOH,860000.0
2023-03-01,WOODLANDS,810000.0
2023-03-01,YISHUN,818000.0
2023-04-01,ANG MO KIO,853000.0
2023-04-01,BEDOK,850000.0
2023-04-01,BISHAN,838000.0
2023-04-01,BUKIT BATOK,858888.0
2023-04-01,BUKIT MERAH,862000.0
2023-04-01,BUKIT PANJANG,842000.0
2023-04-01,BUKIT TIMAH,810000.0
2023-04-01,CENTRAL AREA,788000.0
2023-04-01,CHOA CHU KANG,800000.0
2023-04-01,CLEMENTI,850000.0
2023-04-01,GEYLANG,840000.0
2023-04-01,HOUGANG,840000.0
2023-04-01,JURONG EAST,855000.0
2023-04-01,JURONG WEST,860000.0
2023-04-01,KALLANG/WHAMPOA,860000.0
2023-04-01,MARINE PARADE,620000.0
2023-04-01,PASIR RIS,850000.0
2023-04-01,PUNGGOL,838000.0
2023-04-01,QUEENSTOWN,855000.0
2023-04-01,SEMBAWANG,740000.0
2023-04-01,SENGKANG,828000.0
2023-04-01,SERANGOON,838000.0
2023-04-01,TAMPINES,858888.0
2023-04-01,TOA PAYOH,860000.0
2023-04-01,WOODLANDS,848000.0
2023-04-01,YISHUN,808000.0
2023-05-01,ANG MO KIO,860000.0
2023-05-01,BEDOK,855000.0
2023-05-01,BISHAN,842000.0
2023-05-01,BUKIT BATOK,835000.0
2023-05-01,BUKIT MERAH,860000.0
2023-05-01,BUKIT PANJANG,800000.0
2023-05-01,BUKIT TIMAH,
2023-05-01,CENTRAL AREA,
2023-05-01,CHOA CHU KANG,785000.0
2023-05-01,CLEMENTI,818000.0
2023-05-01,GEYLANG,850000.0
2023-05-01,HOUGANG,860000.0
2023-05-01,JURONG EAST,680000.0
2023-05-01,JURONG WEST,770000.0
2023-05-01,KALLANG/WHAMPOA,840000.0
2023-05-01,MARINE PARADE,848000.0
2023-05-01,PASIR RIS,848888.0
2023-05-01,PUNGGOL,840000.0
2023-05-01,QUEENSTOWN,850000.0
2023-05-01,SEMBAWANG,708000.0
2023-05-01,SENGKANG,850000.0
2023-05-01,SERANGOON,770000.0
2023-05-01,TAMPINES,828000.0
2023-05-01,TOA PAYOH,744888.0
2023-05-01,WOODLANDS,760000.0
2023-05-01,YISHUN,810000.0
