,month,town,resale_price
0,2015-01-01,ANG MO KIO,820000.0
1,2015-01-01,BEDOK,840000.0
2,2015-01-01,BISHAN,851000.0
3,2015-01-01,BUKIT BATOK,728000.0
4,2015-01-01,BUKIT MERAH,842000.0
5,2015-01-01,BUKIT PANJANG,768000.0
6,2015-01-01,BUKIT TIMAH,855000.0
7,2015-01-01,CENTRAL AREA,850000.0
8,2015-01-01,CHOA CHU KANG,620000.0
9,2015-01-01,CLEMENTI,675000.0
10,2015-01-01,GEYLANG,790000.0
11,2015-01-01,HOUGANG,780000.0
12,2015-01-01,JURONG EAST,678000.0
13,2015-01-01,JURONG WEST,630000.0
14,2015-01-01,KALLANG/WHAMPOA,760000.0
15,2015-01-01,MARINE PARADE,800000.0
16,2015-01-01,PASIR RIS,775000.0
17,2015-01-01,PUNGGOL,540000.0
18,2015-01-01,QUEENSTOWN,825000.0
19,2015-01-01,SEMBAWANG,540000.0
20,2015-01-01,SENGKANG,600000.0
21,2015-01-01,SERANGOON,695000.0
22,2015-01-01,TAMPINES,730000.0
23,2015-01-01,TOA PAYOH,730000.0
24,2015-01-01,WOODLANDS,600000.0
25,2015-01-01,YISHUN,550000.0
26,2015-02-01,ANG MO KIO,810888.0
27,2015-02-01,BEDOK,698000.0
28,2015-02-01,BISHAN,825000.0
29,2015-02-01,BUKIT BATOK,683000.0
30,2015-02-01,BUKIT MERAH,846198.0
31,2015-02-01,BUKIT PANJANG,610000.0
32,2015-02-01,BUKIT TIMAH,
33,2015-02-01,CENTRAL AREA,855000.0
34,2015-02-01,CHOA CHU KANG,595000.0
35,2015-02-01,CLEMENTI,700000.0
36,2015-02-01,GEYLANG,710000.0
37,2015-02-01,HOUGANG,825000.0
38,2015-02-01,JURONG EAST,618000.0
39,2015-02-01,JURONG WEST,645000.0
40,2015-02-01,KALLANG/WHAMPOA,710000.0
41,2015-02-01,MARINE PARADE,750000.0
42,2015-02-01,PASIR RIS,655000.0
43,2015-02-01,PUNGGOL,555000.0
44,2015-02-01,QUEENSTOWN,850000.0
45,2015-02-01,SEMBAWANG,535000.0
46,2015-02-01,SENGKANG,655000.0
47,2015-02-01,SERANGOON,680000.0
48,2015-02-01,TAMPINES,780000.0
49,2015-02-01,TOA PAYOH,728000.0
50,2015-02-01,WOODLANDS,600000.0
51,2015-02-01,YISHUN,586000.0
52,2015-03-01,ANG MO KIO,810000.0
53,2015-03-01,BEDOK,810000.0
54,2015-03-01,BISHAN,860000.0
55,2015-03-01,BUKIT BATOK,800000.0
56,2015-03-01,BUKIT MERAH,816000.0
57,2015-03-01,BUKIT PANJANG,670888.0
58,2015-03-01,BUKIT TIMAH,380000.0
59,2015-03-01,CENTRAL AREA,855000.0
60,2015-03-01,CHOA CHU KANG,763000.0
61,2015-03-01,CLEMENTI,660000.0
62,2015-03-01,GEYLANG,800000.0
63,2015-03-01,HOUGANG,820000.0
64,2015-03-01,JURONG EAST,616000.0
65,2015-03-01,JURONG WEST,635000.0
66,2015-03-01,KALLANG/WHAMPOA,770000.0
67,2015-03-01,MARINE PARADE,850000.0
68,2015-03-01,PASIR RIS,725000.0
69,2015-03-01,PUNGGOL,617000.0
70,2015-03-01,QUEENSTOWN,838000.0
71,2015-03-01,SEMBAWANG,550000.0
72,2015-03-01,SENGKANG,640000.0
73,2015-03-01,SERANGOON,820000.0
74,2015-03-01,TAMPINES,775000.0
75,2015-03-01,TOA PAYOH,848000.0
76,2015-03-01,WOODLANDS,612000.0
77,2015-03-01,YISHUN,515000.0
78,2015-04-01,ANG MO KIO,780000.0
79,2015-04-01,BEDOK,725000.0
80,2015-04-01,BISHAN,812000.0
81,2015-04-01,BUKIT BATOK,630000.0
82,2015-04-01,BUKIT MERAH,828000.0
83,2015-04-01,BUKIT PANJANG,753000.0
84,2015-04-01,BUKIT TIMAH,820000.0
85,2015-04-01,CENTRAL AREA,860000.0
86,2015-04-01,CHOA CHU KANG,570000.0
87,2015-04-01,CLEMENTI,740000.0
88,2015-04-01,GEYLANG,785000.0
89,2015-04-01,HOUGANG,800000.0
90,2015-04-01,JURONG EAST,660000.0
91,2015-04-01,JURONG WEST,660000.0
92,2015-04-01,KALLANG/WHAMPOA,800000.0
93,2015-04-01,MARINE PARADE,835000.0
94,2015-04-01,PASIR RIS,680000.0
95,2015-04-01,PUNGGOL,548000.0
96,2015-04-01,QUEENSTOWN,858000.0
97,2015-04-01,SEMBAWANG,535000.0
98,2015-04-01,SENGKANG,612888.0
99,2015-04-01,SERANGOON,855000.0
100,2015-04-01,TAMPINES,773000.0
101,2015-04-01,TOA PAYOH,838000.0
102,2015-04-01,WOODLANDS,600000.0
103,2015-04-01,YISHUN,590000.0
104,2015-05-01,ANG MO KIO,835000.0
105,2015-05-01,BEDOK,810000.0
106,2015-05-01,BISHAN,793000.0
107,2015-05-01,BUKIT BATOK,800000.0
108,2015-05-01,BUKIT MERAH,850000.0
109,2015-05-01,BUKIT PANJANG,730000.0
110,2015-05-01,BUKIT TIMAH,860000.0
111,2015-05-01,CENTRAL AREA,860000.0
112,2015-05-01,CHOA CHU KANG,605000.0
113,2015-05-01,CLEMENTI,850000.0
114,2015-05-01,GEYLANG,818000.0
115,2015-05-01,HOUGANG,718000.0
116,2015-05-01,JURONG EAST,815000.0
117,2015-05-01,JURONG WEST,670000.0
118,2015-05-01,KALLANG/WHAMPOA,769000.0
119,2015-05-01,MARINE PARADE,585000.0
120,2015-05-01,PASIR RIS,735000.0
121,2015-05-01,PUNGGOL,560000.0
122,2015-05-01,QUEENSTOWN,815000.0
123,2015-05-01,SEMBAWANG,548000.0
124,2015-05-01,SENGKANG,625000.0
125,2015-05-01,SERANGOON,728000.0
126,2015-05-01,TAMPINES,782000.0
127,2015-05-01,TOA PAYOH,858000.0
128,2015-05-01,WOODLANDS,607000.0
129,2015-05-01,YISHUN,650000.0
130,2015-06-01,ANG MO KIO,850000.0
131,2015-06-01,BEDOK,850000.0
132,2015-06-01,BISHAN,860000.0
133,2015-06-01,BUKIT BATOK,795000.0
134,2015-06-01,BUKIT MERAH,860000.0
135,2015-06-01,BUKIT PANJANG,675000.0
136,2015-06-01,BUKIT TIMAH,770000.0
137,2015-06-01,CENTRAL AREA,860000.0
138,2015-06-01,CHOA CHU KANG,628000.0
139,2015-06-01,CLEMENTI,785000.0
140,2015-06-01,GEYLANG,838000.0
141,2015-06-01,HOUGANG,830000.0
142,2015-06-01,JURONG EAST,805000.0
143,2015-06-01,JURONG WEST,700000.0
144,2015-06-01,KALLANG/WHAMPOA,838000.0
145,2015-06-01,MARINE PARADE,733888.0
146,2015-06-01,PASIR RIS,660000.0
147,2015-06-01,PUNGGOL,605000.0
148,2015-06-01,QUEENSTOWN,845000.0
149,2015-06-01,SEMBAWANG,527000.0
150,2015-06-01,SENGKANG,610000.0
151,2015-06-01,SERANGOON,738000.0
152,2015-06-01,TAMPINES,700000.0
153,2015-06-01,TOA PAYOH,760000.0
154,2015-06-01,WOODLANDS,580000.0
155,2015-06-01,YISHUN,633000.0
156,2015-07-01,ANG MO KIO,770000.0
157,2015-07-01,BEDOK,725000.0
158,2015-07-01,BISHAN,800000.0
159,2015-07-01,BUKIT BATOK,695000.0
160,2015-07-01,BUKIT MERAH,840000.0
161,2015-07-01,BUKIT PANJANG,720000.0
162,2015-07-01,BUKIT TIMAH,455000.0
163,2015-07-01,CENTRAL AREA,525000.0
164,2015-07-01,CHOA CHU KANG,593000.0
165,2015-07-01,CLEMENTI,738000.0
166,2015-07-01,GEYLANG,650000.0
167,2015-07-01,HOUGANG,730000.0
168,2015-07-01,JURONG EAST,830000.0
169,2015-07-01,JURONG WEST,655000.0
170,2015-07-01,KALLANG/WHAMPOA,760000.0
171,2015-07-01,MARINE PARADE,740000.0
172,2015-07-01,PASIR RIS,680000.0
173,2015-07-01,PUNGGOL,630000.0
174,2015-07-01,QUEENSTOWN,850000.0
175,2015-07-01,SEMBAWANG,550888.0
176,2015-07-01,SENGKANG,640000.0
177,2015-07-01,SERANGOON,730000.0
178,2015-07-01,TAMPINES,790000.0
179,2015-07-01,TOA PAYOH,765000.0
180,2015-07-01,WOODLANDS,560000.0
181,2015-07-01,YISHUN,615000.0
182,2015-08-01,ANG MO KIO,670000.0
183,2015-08-01,BEDOK,765000.0
184,2015-08-01,BISHAN,750000.0
185,2015-08-01,BUKIT BATOK,688000.0
186,2015-08-01,BUKIT MERAH,840000.0
187,2015-08-01,BUKIT PANJANG,615000.0
188,2015-08-01,BUKIT TIMAH,740000.0
189,2015-08-01,CENTRAL AREA,839800.0
190,2015-08-01,CHOA CHU KANG,583888.0
191,2015-08-01,CLEMENTI,720000.0
192,2015-08-01,GEYLANG,830000.0
193,2015-08-01,HOUGANG,725000.0
194,2015-08-01,JURONG EAST,750000.0
195,2015-08-01,JURONG WEST,735000.0
196,2015-08-01,KALLANG/WHAMPOA,845888.0
197,2015-08-01,MARINE PARADE,838000.0
198,2015-08-01,PASIR RIS,755000.0
199,2015-08-01,PUNGGOL,550000.0
200,2015-08-01,QUEENSTOWN,850000.0
201,2015-08-01,SEMBAWANG,550000.0
202,2015-08-01,SENGKANG,595000.0
203,2015-08-01,SERANGOON,860000.0
204,2015-08-01,TAMPINES,750000.0
205,2015-08-01,TOA PAYOH,855000.0
206,2015-08-01,WOODLANDS,645000.0
207,2015-08-01,YISHUN,655000.0
208,2015-09-01,ANG MO KIO,685000.0
209,2015-09-01,BEDOK,775000.0
210,2015-09-01,BISHAN,740000.0
211,2015-09-01,BUKIT BATOK,780000.0
212,2015-09-01,BUKIT MERAH,845000.0
213,2015-09-01,BUKIT PANJANG,630000.0
214,2015-09-01,BUKIT TIMAH,638000.0
215,2015-09-01,CENTRAL AREA,858000.0
216,2015-09-01,CHOA CHU KANG,588000.0
217,2015-09-01,CLEMENTI,800000.0
218,2015-09-01,GEYLANG,815000.0
219,2015-09-01,HOUGANG,780000.0
220,2015-09-01,JURONG EAST,772000.0
221,2015-09-01,JURONG WEST,645000.0
222,2015-09-01,KALLANG/WHAMPOA,835000.0
223,2015-09-01,MARINE PARADE,750000.0
224,2015-09-01,PASIR RIS,730000.0
225,2015-09-01,PUNGGOL,580000.0
226,2015-09-01,QUEENSTOWN,815000.0
227,2015-09-01,SEMBAWANG,540000.0
228,2015-09-01,SENGKANG,630000.0
229,2015-09-01,SERANGOON,850000.0
230,2015-09-01,TAMPINES,745000.0
231,2015-09-01,TOA PAYOH,700000.0
232,2015-09-01,WOODLANDS,630000.0
233,2015-09-01,YISHUN,640000.0
234,2015-10-01,ANG MO KIO,818000.0
235,2015-10-01,BEDOK,850000.0
236,2015-10-01,BISHAN,825000.0
237,2015-10-01,BUKIT BATOK,740000.0
238,2015-10-01,BUKIT MERAH,850000.0
239,2015-10-01,BUKIT PANJANG,634000.0
240,2015-10-01,BUKIT TIMAH,838000.0
241,2015-10-01,CENTRAL AREA,850000.0
242,2015-10-01,CHOA CHU KANG,630000.0
243,2015-10-01,CLEMENTI,830000.0
244,2015-10-01,GEYLANG,730000.0
245,2015-10-01,HOUGANG,733000.0
246,2015-10-01,JURONG EAST,700000.0
247,2015-10-01,JURONG WEST,710000.0
248,2015-10-01,KALLANG/WHAMPOA,835000.0
249,2015-10-01,MARINE PARADE,813000.0
250,2015-10-01,PASIR RIS,720000.0
251,2015-10-01,PUNGGOL,560000.0
252,2015-10-01,QUEENSTOWN,850000.0
253,2015-10-01,SEMBAWANG,560000.0
254,2015-10-01,SENGKANG,600000.0
255,2015-10-01,SERANGOON,780000.0
256,2015-10-01,TAMPINES,785000.0
257,2015-10-01,TOA PAYOH,830000.0
258,2015-10-01,WOODLANDS,625000.0
259,2015-10-01,YISHUN,608000.0
260,2015-11-01,ANG MO KIO,700000.0
261,2015-11-01,BEDOK,840000.0
262,2015-11-01,BISHAN,858000.0
263,2015-11-01,BUKIT BATOK,800000.0
264,2015-11-01,BUKIT MERAH,860000.0
265,2015-11-01,BUKIT PANJANG,668000.0
266,2015-11-01,BUKIT TIMAH,715000.0
267,2015-11-01,CENTRAL AREA,850000.0
268,2015-11-01,CHOA CHU KANG,640000.0
269,2015-11-01,CLEMENTI,850000.0
270,2015-11-01,GEYLANG,832888.0
271,2015-11-01,HOUGANG,860000.0
272,2015-11-01,JURONG EAST,790000.0
273,2015-11-01,JURONG WEST,608000.0
274,2015-11-01,KALLANG/WHAMPOA,777000.0
275,2015-11-01,MARINE PARADE,832000.0
276,2015-11-01,PASIR RIS,700000.0
277,2015-11-01,PUNGGOL,760000.0
278,2015-11-01,QUEENSTOWN,830000.0
279,2015-11-01,SEMBAWANG,537000.0
280,2015-11-01,SENGKANG,618000.0
281,2015-11-01,SERANGOON,820000.0
282,2015-11-01,TAMPINES,745000.0
283,2015-11-01,TOA PAYOH,788000.0
284,2015-11-01,WOODLANDS,592000.0
285,2015-11-01,YISHUN,660000.0
286,2015-12-01,ANG MO KIO,760000.0
287,2015-12-01,BEDOK,768000.0
288,2015-12-01,BISHAN,835000.0
289,2015-12-01,BUKIT BATOK,685000.0
290,2015-12-01,BUKIT MERAH,820000.0
291,2015-12-01,BUKIT PANJANG,700000.0
292,2015-12-01,BUKIT TIMAH,820000.0
293,2015-12-01,CENTRAL AREA,835000.0
294,2015-12-01,CHOA CHU KANG,602500.0
295,2015-12-01,CLEMENTI,753000.0
296,2015-12-01,GEYLANG,850000.0
297,2015-12-01,HOUGANG,748000.0
298,2015-12-01,JURONG EAST,815000.0
299,2015-12-01,JURONG WEST,645000.0
300,2015-12-01,KALLANG/WHAMPOA,812000.0
301,2015-12-01,MARINE PARADE,800000.0
302,2015-12-01,PASIR RIS,758000.0
303,2015-12-01,PUNGGOL,575000.0
304,2015-12-01,QUEENSTOWN,850000.0
305,2015-12-01,SEMBAWANG,550000.0
306,2015-12-01,SENGKANG,673000.0
307,2015-12-01,SERANGOON,710000.0
308,2015-12-01,TAMPINES,740000.0
309,2015-12-01,TOA PAYOH,820000.0
310,2015-12-01,WOODLANDS,580000.0
311,2015-12-01,YISHUN,660000.0
312,2016-01-01,ANG MO KIO,830000.0
313,2016-01-01,BEDOK,830000.0
314,2016-01-01,BISHAN,860000.0
315,2016-01-01,BUKIT BATOK,795000.0
316,2016-01-01,BUKIT MERAH,850000.0
317,2016-01-01,BUKIT PANJANG,730000.0
318,2016-01-01,BUKIT TIMAH,540000.0
319,2016-01-01,CENTRAL AREA,772888.0
320,2016-01-01,CHOA CHU KANG,650000.0
321,2016-01-01,CLEMENTI,768000.0
322,2016-01-01,GEYLANG,735000.0
323,2016-01-01,HOUGANG,760000.0
324,2016-01-01,JURONG EAST,732000.0
325,2016-01-01,JURONG WEST,700000.0
326,2016-01-01,KALLANG/WHAMPOA,855000.0
327,2016-01-01,MARINE PARADE,860000.0
328,2016-01-01,PASIR RIS,663888.0
329,2016-01-01,PUNGGOL,595000.0
330,2016-01-01,QUEENSTOWN,820000.0
331,2016-01-01,SEMBAWANG,535000.0
332,2016-01-01,SENGKANG,630000.0
333,2016-01-01,SERANGOON,848000.0
334,2016-01-01,TAMPINES,715000.0
335,2016-01-01,TOA PAYOH,850000.0
336,2016-01-01,WOODLANDS,640000.0
337,2016-01-01,YISHUN,630000.0
338,2016-02-01,ANG MO KIO,810000.0
339,2016-02-01,BEDOK,850000.0
340,2016-02-01,BISHAN,710000.0
341,2016-02-01,BUKIT BATOK,675000.0
342,2016-02-01,BUKIT MERAH,860000.0
343,2016-02-01,BUKIT PANJANG,718000.0
344,2016-02-01,BUKIT TIMAH,653000.0
345,2016-02-01,CENTRAL AREA,855000.0
346,2016-02-01,CHOA CHU KANG,613888.0
347,2016-02-01,CLEMENTI,690000.0
348,2016-02-01,GEYLANG,786000.0
349,2016-02-01,HOUGANG,850000.0
350,2016-02-01,JURONG EAST,668000.0
351,2016-02-01,JURONG WEST,645000.0
352,2016-02-01,KALLANG/WHAMPOA,850000.0
353,2016-02-01,MARINE PARADE,790000.0
354,2016-02-01,PASIR RIS,625000.0
355,2016-02-01,PUNGGOL,560000.0
356,2016-02-01,QUEENSTOWN,814000.0
357,2016-02-01,SEMBAWANG,525000.0
358,2016-02-01,SENGKANG,640000.0
359,2016-02-01,SERANGOON,830000.0
360,2016-02-01,TAMPINES,733888.0
361,2016-02-01,TOA PAYOH,838000.0
362,2016-02-01,WOODLANDS,600800.0
363,2016-02-01,YISHUN,588000.0
364,2016-03-01,ANG MO KIO,860000.0
365,2016-03-01,BEDOK,750000.0
366,2016-03-01,BISHAN,830000.0
367,2016-03-01,BUKIT BATOK,727000.0
368,2016-03-01,BUKIT MERAH,850000.0
369,2016-03-01,BUKIT PANJANG,715000.0
370,2016-03-01,BUKIT TIMAH,823000.0
371,2016-03-01,CENTRAL AREA,860000.0
372,2016-03-01,CHOA CHU KANG,636000.0
373,2016-03-01,CLEMENTI,840000.0
374,2016-03-01,GEYLANG,670000.0
375,2016-03-01,HOUGANG,828000.0
376,2016-03-01,JURONG EAST,785000.0
377,2016-03-01,JURONG WEST,682500.0
378,2016-03-01,KALLANG/WHAMPOA,855000.0
379,2016-03-01,MARINE PARADE,838000.0
380,2016-03-01,PASIR RIS,690000.0
381,2016-03-01,PUNGGOL,600000.0
382,2016-03-01,QUEENSTOWN,860000.0
383,2016-03-01,SEMBAWANG,560000.0
384,2016-03-01,SENGKANG,600000.0
385,2016-03-01,SERANGOON,860000.0
386,2016-03-01,TAMPINES,740000.0
387,2016-03-01,TOA PAYOH,790000.0
388,2016-03-01,WOODLANDS,600000.0
389,2016-03-01,YISHUN,650000.0
390,2016-04-01,ANG MO KIO,780000.0
391,2016-04-01,BEDOK,800000.0
392,2016-04-01,BISHAN,810000.0
393,2016-04-01,BUKIT BATOK,660000.0
394,2016-04-01,BUKIT MERAH,860000.0
395,2016-04-01,BUKIT PANJANG,650000.0
396,2016-04-01,BUKIT TIMAH,854000.0
397,2016-04-01,CENTRAL AREA,610000.0
398,2016-04-01,CHOA CHU KANG,645000.0
399,2016-04-01,CLEMENTI,850000.0
400,2016-04-01,GEYLANG,850000.0
401,2016-04-01,HOUGANG,720000.0
402,2016-04-01,JURONG EAST,800000.0
403,2016-04-01,JURONG WEST,655000.0
404,2016-04-01,KALLANG/WHAMPOA,850000.0
405,2016-04-01,MARINE PARADE,820000.0
406,2016-04-01,PASIR RIS,738000.0
407,2016-04-01,PUNGGOL,605000.0
408,2016-04-01,QUEENSTOWN,850000.0
409,2016-04-01,SEMBAWANG,520000.0
410,2016-04-01,SENGKANG,655000.0
411,2016-04-01,SERANGOON,818000.0
412,2016-04-01,TAMPINES,728000.0
413,2016-04-01,TOA PAYOH,810000.0
414,2016-04-01,WOODLANDS,608000.0
415,2016-04-01,YISHUN,658000.0
416,2016-05-01,ANG MO KIO,855000.0
417,2016-05-01,BEDOK,780000.0
418,2016-05-01,BISHAN,800000.0
419,2016-05-01,BUKIT BATOK,690000.0
420,2016-05-01,BUKIT MERAH,855000.0
421,2016-05-01,BUKIT PANJANG,700000.0
422,2016-05-01,BUKIT TIMAH,773000.0
423,2016-05-01,CENTRAL AREA,600088.0
424,2016-05-01,CHOA CHU KANG,622000.0
425,2016-05-01,CLEMENTI,845000.0
426,2016-05-01,GEYLANG,858000.0
427,2016-05-01,HOUGANG,830000.0
428,2016-05-01,JURONG EAST,813000.0
429,2016-05-01,JURONG WEST,755000.0
430,2016-05-01,KALLANG/WHAMPOA,849800.0
431,2016-05-01,MARINE PARADE,842000.0
432,2016-05-01,PASIR RIS,735000.0
433,2016-05-01,PUNGGOL,788000.0
434,2016-05-01,QUEENSTOWN,850000.0
435,2016-05-01,SEMBAWANG,550000.0
436,2016-05-01,SENGKANG,678000.0
437,2016-05-01,SERANGOON,838888.0
438,2016-05-01,TAMPINES,735000.0
439,2016-05-01,TOA PAYOH,858000.0
440,2016-05-01,WOODLANDS,588000.0
441,2016-05-01,YISHUN,568000.0
442,2016-06-01,ANG MO KIO,700000.0
443,2016-06-01,BEDOK,800000.0
444,2016-06-01,BISHAN,790000.0
445,2016-06-01,BUKIT BATOK,703888.0
446,2016-06-01,BUKIT MERAH,835000.0
447,2016-06-01,BUKIT PANJANG,650000.0
448,2016-06-01,BUKIT TIMAH,768000.0
449,2016-06-01,CENTRAL AREA,850000.0
450,2016-06-01,CHOA CHU KANG,648000.0
451,2016-06-01,CLEMENTI,773000.0
452,2016-06-01,GEYLANG,810000.0
453,2016-06-01,HOUGANG,780000.0
454,2016-06-01,JURONG EAST,765000.0
455,2016-06-01,JURONG WEST,690000.0
456,2016-06-01,KALLANG/WHAMPOA,838000.0
457,2016-06-01,MARINE PARADE,775000.0
458,2016-06-01,PASIR RIS,705000.0
459,2016-06-01,PUNGGOL,560000.0
460,2016-06-01,QUEENSTOWN,860000.0
461,2016-06-01,SEMBAWANG,550000.0
462,2016-06-01,SENGKANG,620000.0
463,2016-06-01,SERANGOON,760000.0
464,2016-06-01,TAMPINES,748000.0
465,2016-06-01,TOA PAYOH,838000.0
466,2016-06-01,WOODLANDS,625000.0
467,2016-06-01,YISHUN,668000.0
468,2016-07-01,ANG MO KIO,790000.0
469,2016-07-01,BEDOK,720000.0
470,2016-07-01,BISHAN,820000.0
471,2016-07-01,BUKIT BATOK,720000.0
472,2016-07-01,BUKIT MERAH,862000.0
473,2016-07-01,BUKIT PANJANG,770000.0
474,2016-07-01,BUKIT TIMAH,568000.0
475,2016-07-01,CENTRAL AREA,860000.0
476,2016-07-01,CHOA CHU KANG,658000.0
477,2016-07-01,CLEMENTI,720000.0
478,2016-07-01,GEYLANG,835000.0
479,2016-07-01,HOUGANG,860000.0
480,2016-07-01,JURONG EAST,755000.0
481,2016-07-01,JURONG WEST,670000.0
482,2016-07-01,KALLANG/WHAMPOA,818000.0
483,2016-07-01,MARINE PARADE,848000.0
484,2016-07-01,PASIR RIS,700000.0
485,2016-07-01,PUNGGOL,600000.0
486,2016-07-01,QUEENSTOWN,850000.0
487,2016-07-01,SEMBAWANG,550000.0
488,2016-07-01,SENGKANG,615888.0
489,2016-07-01,SERANGOON,842000.0
490,2016-07-01,TAMPINES,715000.0
491,2016-07-01,TOA PAYOH,846000.0
492,2016-07-01,WOODLANDS,610000.0
493,2016-07-01,YISHUN,690000.0
494,2016-08-01,ANG MO KIO,820000.0
495,2016-08-01,BEDOK,858000.0
496,2016-08-01,BISHAN,845000.0
497,2016-08-01,BUKIT BATOK,758000.0
498,2016-08-01,BUKIT MERAH,830000.0
499,2016-08-01,BUKIT PANJANG,692000.0
500,2016-08-01,BUKIT TIMAH,763800.0
501,2016-08-01,CENTRAL AREA,834000.0
502,2016-08-01,CHOA CHU KANG,650000.0
503,2016-08-01,CLEMENTI,840000.0
504,2016-08-01,GEYLANG,855000.0
505,2016-08-01,HOUGANG,740000.0
506,2016-08-01,JURONG EAST,750000.0
507,2016-08-01,JURONG WEST,638888.0
508,2016-08-01,KALLANG/WHAMPOA,830000.0
509,2016-08-01,MARINE PARADE,650000.0
510,2016-08-01,PASIR RIS,683000.0
511,2016-08-01,PUNGGOL,572000.0
512,2016-08-01,QUEENSTOWN,862000.0
513,2016-08-01,SEMBAWANG,528000.0
514,2016-08-01,SENGKANG,680000.0
515,2016-08-01,SERANGOON,830000.0
516,2016-08-01,TAMPINES,812000.0
517,2016-08-01,TOA PAYOH,810000.0
518,2016-08-01,WOODLANDS,633000.0
519,2016-08-01,YISHUN,650000.0
520,2016-09-01,ANG MO KIO,825000.0
521,2016-09-01,BEDOK,812000.0
522,2016-09-01,BISHAN,810000.0
523,2016-09-01,BUKIT BATOK,800000.0
524,2016-09-01,BUKIT MERAH,842000.0
525,2016-09-01,BUKIT PANJANG,630000.0
526,2016-09-01,BUKIT TIMAH,770000.0
527,2016-09-01,CENTRAL AREA,855000.0
528,2016-09-01,CHOA CHU KANG,596500.0
529,2016-09-01,CLEMENTI,830000.0
530,2016-09-01,GEYLANG,740000.0
531,2016-09-01,HOUGANG,838800.0
532,2016-09-01,JURONG EAST,783000.0
533,2016-09-01,JURONG WEST,680000.0
534,2016-09-01,KALLANG/WHAMPOA,850000.0
535,2016-09-01,MARINE PARADE,840000.0
536,2016-09-01,PASIR RIS,760000.0
537,2016-09-01,PUNGGOL,780000.0
538,2016-09-01,QUEENSTOWN,822000.0
539,2016-09-01,SEMBAWANG,550000.0
540,2016-09-01,SENGKANG,620000.0
541,2016-09-01,SERANGOON,815000.0
542,2016-09-01,TAMPINES,780000.0
543,2016-09-01,TOA PAYOH,800000.0
544,2016-09-01,WOODLANDS,600000.0
545,2016-09-01,YISHUN,608000.0
546,2016-10-01,ANG MO KIO,828000.0
547,2016-10-01,BEDOK,700000.0
548,2016-10-01,BISHAN,810000.0
549,2016-10-01,BUKIT BATOK,760000.0
550,2016-10-01,BUKIT MERAH,840000.0
551,2016-10-01,BUKIT PANJANG,668000.0
552,2016-10-01,BUKIT TIMAH,670000.0
553,2016-10-01,CENTRAL AREA,850000.0
554,2016-10-01,CHOA CHU KANG,620000.0
555,2016-10-01,CLEMENTI,765000.0
556,2016-10-01,GEYLANG,840000.0
557,2016-10-01,HOUGANG,790000.0
558,2016-10-01,JURONG EAST,768000.0
559,2016-10-01,JURONG WEST,680000.0
560,2016-10-01,KALLANG/WHAMPOA,830000.0
561,2016-10-01,MARINE PARADE,595000.0
562,2016-10-01,PASIR RIS,635000.0
563,2016-10-01,PUNGGOL,630000.0
564,2016-10-01,QUEENSTOWN,792000.0
565,2016-10-01,SEMBAWANG,525000.0
566,2016-10-01,SENGKANG,595000.0
567,2016-10-01,SERANGOON,858000.0
568,2016-10-01,TAMPINES,780000.0
569,2016-10-01,TOA PAYOH,745000.0
570,2016-10-01,WOODLANDS,588000.0
571,2016-10-01,YISHUN,635000.0
572,2016-11-01,ANG MO KIO,853000.0
573,2016-11-01,BEDOK,808000.0
574,2016-11-01,BISHAN,828000.0
575,2016-11-01,BUKIT BATOK,750000.0
576,2016-11-01,BUKIT MERAH,830000.0
577,2016-11-01,BUKIT PANJANG,665000.0
578,2016-11-01,BUKIT TIMAH,700000.0
579,2016-11-01,CENTRAL AREA,845000.0
580,2016-11-01,CHOA CHU KANG,640000.0
581,2016-11-01,CLEMENTI,785000.0
582,2016-11-01,GEYLANG,820000.0
583,2016-11-01,HOUGANG,798000.0
584,2016-11-01,JURONG EAST,805000.0
585,2016-11-01,JURONG WEST,720000.0
586,2016-11-01,KALLANG/WHAMPOA,833000.0
587,2016-11-01,MARINE PARADE,835000.0
588,2016-11-01,PASIR RIS,700000.0
589,2016-11-01,PUNGGOL,620000.0
590,2016-11-01,QUEENSTOWN,812000.0
591,2016-11-01,SEMBAWANG,575000.0
592,2016-11-01,SENGKANG,585000.0
593,2016-11-01,SERANGOON,755000.0
594,2016-11-01,TAMPINES,760000.0
595,2016-11-01,TOA PAYOH,840000.0
596,2016-11-01,WOODLANDS,640000.0
597,2016-11-01,YISHUN,600288.0
598,2016-12-01,ANG MO KIO,750000.0
599,2016-12-01,BEDOK,840000.0
600,2016-12-01,BISHAN,845000.0
601,2016-12-01,BUKIT BATOK,730000.0
602,2016-12-01,BUKIT MERAH,860000.0
603,2016-12-01,BUKIT PANJANG,640000.0
604,2016-12-01,BUKIT TIMAH,705000.0
605,2016-12-01,CENTRAL AREA,850000.0
606,2016-12-01,CHOA CHU KANG,575000.0
607,2016-12-01,CLEMENTI,760000.0
608,2016-12-01,GEYLANG,845000.0
609,2016-12-01,HOUGANG,795000.0
610,2016-12-01,JURONG EAST,746000.0
611,2016-12-01,JURONG WEST,700100.0
612,2016-12-01,KALLANG/WHAMPOA,825000.0
613,2016-12-01,MARINE PARADE,845000.0
614,2016-12-01,PASIR RIS,638000.0
615,2016-12-01,PUNGGOL,835000.0
616,2016-12-01,QUEENSTOWN,815000.0
617,2016-12-01,SEMBAWANG,548000.0
618,2016-12-01,SENGKANG,618000.0
619,2016-12-01,SERANGOON,680000.0
620,2016-12-01,TAMPINES,760000.0
621,2016-12-01,TOA PAYOH,820888.0
622,2016-12-01,WOODLANDS,600000.0
623,2016-12-01,YISHUN,575000.0
624,2017-01-01,ANG MO KIO,832000.0
625,2017-01-01,BEDOK,795000.0
626,2017-01-01,BISHAN,830000.0
627,2017-01-01,BUKIT BATOK,800000.0
628,2017-01-01,BUKIT MERAH,820000.0
629,2017-01-01,BUKIT PANJANG,620000.0
630,2017-01-01,BUKIT TIMAH,670000.0
631,2017-01-01,CENTRAL AREA,818000.0
632,2017-01-01,CHOA CHU KANG,575000.0
633,2017-01-01,CLEMENTI,620000.0
634,2017-01-01,GEYLANG,830000.0
635,2017-01-01,HOUGANG,692000.0
636,2017-01-01,JURONG EAST,625000.0
637,2017-01-01,JURONG WEST,652000.0
638,2017-01-01,KALLANG/WHAMPOA,858000.0
639,2017-01-01,MARINE PARADE,580000.0
640,2017-01-01,PASIR RIS,638000.0
641,2017-01-01,PUNGGOL,630000.0
642,2017-01-01,QUEENSTOWN,860000.0
643,2017-01-01,SEMBAWANG,515000.0
644,2017-01-01,SENGKANG,623000.0
645,2017-01-01,SERANGOON,735000.0
646,2017-01-01,TAMPINES,830000.0
647,2017-01-01,TOA PAYOH,830000.0
648,2017-01-01,WOODLANDS,600000.0
649,2017-01-01,YISHUN,673000.0
650,2017-02-01,ANG MO KIO,788888.0
651,2017-02-01,BEDOK,800000.0
652,2017-02-01,BISHAN,840000.0
653,2017-02-01,BUKIT BATOK,648000.0
654,2017-02-01,BUKIT MERAH,840000.0
655,2017-02-01,BUKIT PANJANG,630000.0
656,2017-02-01,BUKIT TIMAH,810000.0
657,2017-02-01,CENTRAL AREA,835000.0
658,2017-02-01,CHOA CHU KANG,640888.0
659,2017-02-01,CLEMENTI,728000.0
660,2017-02-01,GEYLANG,680000.0
661,2017-02-01,HOUGANG,848000.0
662,2017-02-01,JURONG EAST,825000.0
663,2017-02-01,JURONG WEST,565000.0
664,2017-02-01,KALLANG/WHAMPOA,830000.0
665,2017-02-01,MARINE PARADE,855000.0
666,2017-02-01,PASIR RIS,690000.0
667,2017-02-01,PUNGGOL,636000.0
668,2017-02-01,QUEENSTOWN,840000.0
669,2017-02-01,SEMBAWANG,500000.0
670,2017-02-01,SENGKANG,608000.0
671,2017-02-01,SERANGOON,725000.0
672,2017-02-01,TAMPINES,760000.0
673,2017-02-01,TOA PAYOH,848888.0
674,2017-02-01,WOODLANDS,580888.0
675,2017-02-01,YISHUN,675000.0
676,2017-03-01,ANG MO KIO,850000.0
677,2017-03-01,BEDOK,768000.0
678,2017-03-01,BISHAN,850000.0
679,2017-03-01,BUKIT BATOK,790000.0
680,2017-03-01,BUKIT MERAH,830000.0
681,2017-03-01,BUKIT PANJANG,734000.0
682,2017-03-01,BUKIT TIMAH,720000.0
683,2017-03-01,CENTRAL AREA,860000.0
684,2017-03-01,CHOA CHU KANG,592000.0
685,2017-03-01,CLEMENTI,790000.0
686,2017-03-01,GEYLANG,755000.0
687,2017-03-01,HOUGANG,720000.0
688,2017-03-01,JURONG EAST,745000.0
689,2017-03-01,JURONG WEST,715000.0
690,2017-03-01,KALLANG/WHAMPOA,820000.0
691,2017-03-01,MARINE PARADE,720000.0
692,2017-03-01,PASIR RIS,738000.0
693,2017-03-01,PUNGGOL,610000.0
694,2017-03-01,QUEENSTOWN,820000.0
695,2017-03-01,SEMBAWANG,540000.0
696,2017-03-01,SENGKANG,670000.0
697,2017-03-01,SERANGOON,858000.0
698,2017-03-01,TAMPINES,776888.0
699,2017-03-01,TOA PAYOH,855000.0
700,2017-03-01,WOODLANDS,538000.0
701,2017-03-01,YISHUN,615000.0
702,2017-04-01,ANG MO KIO,840000.0
703,2017-04-01,BEDOK,730000.0
704,2017-04-01,BISHAN,860000.0
705,2017-04-01,BUKIT BATOK,700000.0
706,2017-04-01,BUKIT MERAH,843000.0
707,2017-04-01,BUKIT PANJANG,635000.0
708,2017-04-01,BUKIT TIMAH,785000.0
709,2017-04-01,CENTRAL AREA,850000.0
710,2017-04-01,CHOA CHU KANG,575000.0
711,2017-04-01,CLEMENTI,827000.0
712,2017-04-01,GEYLANG,825000.0
713,2017-04-01,HOUGANG,815000.0
714,2017-04-01,JURONG EAST,858000.0
715,2017-04-01,JURONG WEST,790000.0
716,2017-04-01,KALLANG/WHAMPOA,830000.0
717,2017-04-01,MARINE PARADE,802000.0
718,2017-04-01,PASIR RIS,722000.0
719,2017-04-01,PUNGGOL,638000.0
720,2017-04-01,QUEENSTOWN,826000.0
721,2017-04-01,SEMBAWANG,536000.0
722,2017-04-01,SENGKANG,580000.0
723,2017-04-01,SERANGOON,825000.0
724,2017-04-01,TAMPINES,800000.0
725,2017-04-01,TOA PAYOH,782000.0
726,2017-04-01,WOODLANDS,635000.0
727,2017-04-01,YISHUN,645000.0
728,2017-05-01,ANG MO KIO,855000.0
729,2017-05-01,BEDOK,816000.0
730,2017-05-01,BISHAN,832000.0
731,2017-05-01,BUKIT BATOK,693000.0
732,2017-05-01,BUKIT MERAH,855000.0
733,2017-05-01,BUKIT PANJANG,725000.0
734,2017-05-01,BUKIT TIMAH,690000.0
735,2017-05-01,CENTRAL AREA,862000.0
736,2017-05-01,CHOA CHU KANG,580000.0
737,2017-05-01,CLEMENTI,851800.0
738,2017-05-01,GEYLANG,850000.0
739,2017-05-01,HOUGANG,762000.0
740,2017-05-01,JURONG EAST,672000.0
741,2017-05-01,JURONG WEST,652000.0
742,2017-05-01,KALLANG/WHAMPOA,780000.0
743,2017-05-01,MARINE PARADE,830000.0
744,2017-05-01,PASIR RIS,765000.0
745,2017-05-01,PUNGGOL,610000.0
746,2017-05-01,QUEENSTOWN,805000.0
747,2017-05-01,SEMBAWANG,550000.0
748,2017-05-01,SENGKANG,598888.0
749,2017-05-01,SERANGOON,768000.0
750,2017-05-01,TAMPINES,780000.0
751,2017-05-01,TOA PAYOH,850000.0
752,2017-05-01,WOODLANDS,575000.0
753,2017-05-01,YISHUN,590000.0
754,2017-06-01,ANG MO KIO,860000.0
755,2017-06-01,BEDOK,740000.0
756,2017-06-01,BISHAN,835000.0
757,2017-06-01,BUKIT BATOK,700000.0
758,2017-06-01,BUKIT MERAH,860000.0
759,2017-06-01,BUKIT PANJANG,770000.0
760,2017-06-01,BUKIT TIMAH,813000.0
761,2017-06-01,CENTRAL AREA,840000.0
762,2017-06-01,CHOA CHU KANG,570000.0
763,2017-06-01,CLEMENTI,835000.0
764,2017-06-01,GEYLANG,855000.0
765,2017-06-01,HOUGANG,832000.0
766,2017-06-01,JURONG EAST,750000.0
767,2017-06-01,JURONG WEST,720000.0
768,2017-06-01,KALLANG/WHAMPOA,850000.0
769,2017-06-01,MARINE PARADE,761000.0
770,2017-06-01,PASIR RIS,740000.0
771,2017-06-01,PUNGGOL,640000.0
772,2017-06-01,QUEENSTOWN,820000.0
773,2017-06-01,SEMBAWANG,525000.0
774,2017-06-01,SENGKANG,600000.0
775,2017-06-01,SERANGOON,715000.0
776,2017-06-01,TAMPINES,752000.0
777,2017-06-01,TOA PAYOH,855000.0
778,2017-06-01,WOODLANDS,638888.0
779,2017-06-01,YISHUN,590000.0
780,2017-07-01,ANG MO KIO,860000.0
781,2017-07-01,BEDOK,820000.0
782,2017-07-01,BISHAN,810000.0
783,2017-07-01,BUKIT BATOK,738888.0
784,2017-07-01,BUKIT MERAH,860000.0
785,2017-07-01,BUKIT PANJANG,840000.0
786,2017-07-01,BUKIT TIMAH,823000.0
787,2017-07-01,CENTRAL AREA,655000.0
788,2017-07-01,CHOA CHU KANG,571000.0
789,2017-07-01,CLEMENTI,700000.0
790,2017-07-01,GEYLANG,838000.0
791,2017-07-01,HOUGANG,860000.0
792,2017-07-01,JURONG EAST,792000.0
793,2017-07-01,JURONG WEST,665000.0
794,2017-07-01,KALLANG/WHAMPOA,835000.0
795,2017-07-01,MARINE PARADE,575000.0
796,2017-07-01,PASIR RIS,778000.0
797,2017-07-01,PUNGGOL,635000.0
798,2017-07-01,QUEENSTOWN,860000.0
799,2017-07-01,SEMBAWANG,514000.0
800,2017-07-01,SENGKANG,616000.0
801,2017-07-01,SERANGOON,750000.0
802,2017-07-01,TAMPINES,750000.0
803,2017-07-01,TOA PAYOH,858000.0
804,2017-07-01,WOODLANDS,600000.0
805,2017-07-01,YISHUN,605000.0
806,2017-08-01,ANG MO KIO,838000.0
807,2017-08-01,BEDOK,840000.0
808,2017-08-01,BISHAN,830000.0
809,2017-08-01,BUKIT BATOK,720000.0
810,2017-08-01,BUKIT MERAH,836000.0
811,2017-08-01,BUKIT PANJANG,655000.0
812,2017-08-01,BUKIT TIMAH,706000.0
813,2017-08-01,CENTRAL AREA,835000.0
814,2017-08-01,CHOA CHU KANG,590000.0
815,2017-08-01,CLEMENTI,830000.0
816,2017-08-01,GEYLANG,850000.0
817,2017-08-01,HOUGANG,798888.0
818,2017-08-01,JURONG EAST,806000.0
819,2017-08-01,JURONG WEST,641000.0
820,2017-08-01,KALLANG/WHAMPOA,855000.0
821,2017-08-01,MARINE PARADE,860000.0
822,2017-08-01,PASIR RIS,768000.0
823,2017-08-01,PUNGGOL,708000.0
824,2017-08-01,QUEENSTOWN,848000.0
825,2017-08-01,SEMBAWANG,516800.0
826,2017-08-01,SENGKANG,620000.0
827,2017-08-01,SERANGOON,770000.0
828,2017-08-01,TAMPINES,738888.0
829,2017-08-01,TOA PAYOH,850000.0
830,2017-08-01,WOODLANDS,605000.0
831,2017-08-01,YISHUN,624000.0
832,2017-09-01,ANG MO KIO,800000.0
833,2017-09-01,BEDOK,840000.0
834,2017-09-01,BISHAN,800000.0
835,2017-09-01,BUKIT BATOK,718000.0
836,2017-09-01,BUKIT MERAH,845000.0
837,2017-09-01,BUKIT PANJANG,678000.0
838,2017-09-01,BUKIT TIMAH,718000.0
839,2017-09-01,CENTRAL AREA,860000.0
840,2017-09-01,CHOA CHU KANG,592000.0
841,2017-09-01,CLEMENTI,850000.0
842,2017-09-01,GEYLANG,845000.0
843,2017-09-01,HOUGANG,720000.0
844,2017-09-01,JURONG EAST,722000.0
845,2017-09-01,JURONG WEST,688000.0
846,2017-09-01,KALLANG/WHAMPOA,820000.0
847,2017-09-01,MARINE PARADE,828000.0
848,2017-09-01,PASIR RIS,750000.0
849,2017-09-01,PUNGGOL,670000.0
850,2017-09-01,QUEENSTOWN,825000.0
851,2017-09-01,SEMBAWANG,510000.0
852,2017-09-01,SENGKANG,616888.0
853,2017-09-01,SERANGOON,760000.0
854,2017-09-01,TAMPINES,823000.0
855,2017-09-01,TOA PAYOH,815000.0
856,2017-09-01,WOODLANDS,570000.0
857,2017-09-01,YISHUN,700000.0
858,2017-10-01,ANG MO KIO,842000.0
859,2017-10-01,BEDOK,830000.0
860,2017-10-01,BISHAN,855000.0
861,2017-10-01,BUKIT BATOK,655000.0
862,2017-10-01,BUKIT MERAH,842000.0
863,2017-10-01,BUKIT PANJANG,685000.0
864,2017-10-01,BUKIT TIMAH,609888.0
865,2017-10-01,CENTRAL AREA,838000.0
866,2017-10-01,CHOA CHU KANG,595000.0
867,2017-10-01,CLEMENTI,810000.0
868,2017-10-01,GEYLANG,830000.0
869,2017-10-01,HOUGANG,850000.0
870,2017-10-01,JURONG EAST,810000.0
871,2017-10-01,JURONG WEST,650000.0
872,2017-10-01,KALLANG/WHAMPOA,840000.0
873,2017-10-01,MARINE PARADE,788000.0
874,2017-10-01,PASIR RIS,765000.0
875,2017-10-01,PUNGGOL,860000.0
876,2017-10-01,QUEENSTOWN,860000.0
877,2017-10-01,SEMBAWANG,548000.0
878,2017-10-01,SENGKANG,688000.0
879,2017-10-01,SERANGOON,720000.0
880,2017-10-01,TAMPINES,830000.0
881,2017-10-01,TOA PAYOH,848000.0
882,2017-10-01,WOODLANDS,640000.0
883,2017-10-01,YISHUN,542000.0
884,2017-11-01,ANG MO KIO,805000.0
885,2017-11-01,BEDOK,840000.0
886,2017-11-01,BISHAN,818000.0
887,2017-11-01,BUKIT BATOK,680000.0
888,2017-11-01,BUKIT MERAH,860000.0
889,2017-11-01,BUKIT PANJANG,753888.0
890,2017-11-01,BUKIT TIMAH,798000.0
891,2017-11-01,CENTRAL AREA,858000.0
892,2017-11-01,CHOA CHU KANG,610000.0
893,2017-11-01,CLEMENTI,825000.0
894,2017-11-01,GEYLANG,832000.0
895,2017-11-01,HOUGANG,742000.0
896,2017-11-01,JURONG EAST,794000.0
897,2017-11-01,JURONG WEST,608000.0
898,2017-11-01,KALLANG/WHAMPOA,850000.0
899,2017-11-01,MARINE PARADE,820000.0
900,2017-11-01,PASIR RIS,755000.0
901,2017-11-01,PUNGGOL,668000.0
902,2017-11-01,QUEENSTOWN,826000.0
903,2017-11-01,SEMBAWANG,555000.0
904,2017-11-01,SENGKANG,690000.0
905,2017-11-01,SERANGOON,850000.0
906,2017-11-01,TAMPINES,830000.0
907,2017-11-01,TOA PAYOH,860000.0
908,2017-11-01,WOODLANDS,585000.0
909,2017-11-01,YISHUN,658000.0
910,2017-12-01,ANG MO KIO,858000.0
911,2017-12-01,BEDOK,820000.0
912,2017-12-01,BISHAN,860000.0
913,2017-12-01,BUKIT BATOK,730000.0
914,2017-12-01,BUKIT MERAH,842000.0
915,2017-12-01,BUKIT PANJANG,748000.0
916,2017-12-01,BUKIT TIMAH,520000.0
917,2017-12-01,CENTRAL AREA,490000.0
918,2017-12-01,CHOA CHU KANG,605000.0
919,2017-12-01,CLEMENTI,780888.0
920,2017-12-01,GEYLANG,800000.0
921,2017-12-01,HOUGANG,748888.0
922,2017-12-01,JURONG EAST,780000.0
923,2017-12-01,JURONG WEST,695000.0
924,2017-12-01,KALLANG/WHAMPOA,862000.0
925,2017-12-01,MARINE PARADE,550000.0
926,2017-12-01,PASIR RIS,758000.0
927,2017-12-01,PUNGGOL,685000.0
928,2017-12-01,QUEENSTOWN,860000.0
929,2017-12-01,SEMBAWANG,475000.0
930,2017-12-01,SENGKANG,620000.0
931,2017-12-01,SERANGOON,703000.0
932,2017-12-01,TAMPINES,846000.0
933,2017-12-01,TOA PAYOH,830000.0
934,2017-12-01,WOODLANDS,620000.0
935,2017-12-01,YISHUN,620000.0
936,2018-01-01,ANG MO KIO,660000.0
937,2018-01-01,BEDOK,770000.0
938,2018-01-01,BISHAN,836000.0
939,2018-01-01,BUKIT BATOK,730000.0
940,2018-01-01,BUKIT MERAH,860000.0
941,2018-01-01,BUKIT PANJANG,762888.0
942,2018-01-01,BUKIT TIMAH,818000.0
943,2018-01-01,CENTRAL AREA,850000.0
944,2018-01-01,CHOA CHU KANG,590000.0
945,2018-01-01,CLEMENTI,820000.0
946,2018-01-01,GEYLANG,820000.0
947,2018-01-01,HOUGANG,815000.0
948,2018-01-01,JURONG EAST,860000.0
949,2018-01-01,JURONG WEST,579000.0
950,2018-01-01,KALLANG/WHAMPOA,860000.0
951,2018-01-01,MARINE PARADE,855000.0
952,2018-01-01,PASIR RIS,680000.0
953,2018-01-01,PUNGGOL,688000.0
954,2018-01-01,QUEENSTOWN,750000.0
955,2018-01-01,SEMBAWANG,518000.0
956,2018-01-01,SENGKANG,650000.0
957,2018-01-01,SERANGOON,825000.0
958,2018-01-01,TAMPINES,838000.0
959,2018-01-01,TOA PAYOH,825000.0
960,2018-01-01,WOODLANDS,628000.0
961,2018-01-01,YISHUN,555000.0
962,2018-02-01,ANG MO KIO,780000.0
963,2018-02-01,BEDOK,845000.0
964,2018-02-01,BISHAN,828000.0
965,2018-02-01,BUKIT BATOK,758000.0
966,2018-02-01,BUKIT MERAH,862000.0
967,2018-02-01,BUKIT PANJANG,668000.0
968,2018-02-01,BUKIT TIMAH,808000.0
969,2018-02-01,CENTRAL AREA,600000.0
970,2018-02-01,CHOA CHU KANG,655000.0
971,2018-02-01,CLEMENTI,775000.0
972,2018-02-01,GEYLANG,830000.0
973,2018-02-01,HOUGANG,805000.0
974,2018-02-01,JURONG EAST,810000.0
975,2018-02-01,JURONG WEST,639888.0
976,2018-02-01,KALLANG/WHAMPOA,833000.0
977,2018-02-01,MARINE PARADE,845000.0
978,2018-02-01,PASIR RIS,808000.0
979,2018-02-01,PUNGGOL,648000.0
980,2018-02-01,QUEENSTOWN,838000.0
981,2018-02-01,SEMBAWANG,520000.0
982,2018-02-01,SENGKANG,622888.0
983,2018-02-01,SERANGOON,772000.0
984,2018-02-01,TAMPINES,800000.0
985,2018-02-01,TOA PAYOH,850000.0
986,2018-02-01,WOODLANDS,620000.0
987,2018-02-01,YISHUN,645000.0
988,2018-03-01,ANG MO KIO,852000.0
989,2018-03-01,BEDOK,855000.0
990,2018-03-01,BISHAN,840000.0
991,2018-03-01,BUKIT BATOK,738000.0
992,2018-03-01,BUKIT MERAH,860000.0
993,2018-03-01,BUKIT PANJANG,710000.0
994,2018-03-01,BUKIT TIMAH,860000.0
995,2018-03-01,CENTRAL AREA,850000.0
996,2018-03-01,CHOA CHU KANG,550000.0
997,2018-03-01,CLEMENTI,860000.0
998,2018-03-01,GEYLANG,848000.0
999,2018-03-01,HOUGANG,816000.0
1000,2018-03-01,JURONG EAST,745000.0
1001,2018-03-01,JURONG WEST,638000.0
1002,2018-03-01,KALLANG/WHAMPOA,860000.0
1003,2018-03-01,MARINE PARADE,840000.0
1004,2018-03-01,PASIR RIS,700000.0
1005,2018-03-01,PUNGGOL,595000.0
1006,2018-03-01,QUEENSTOWN,860000.0
1007,2018-03-01,SEMBAWANG,528000.0
1008,2018-03-01,SENGKANG,630000.0
1009,2018-03-01,SERANGOON,770000.0
1010,2018-03-01,TAMPINES,845000.0
1011,2018-03-01,TOA PAYOH,860000.0
1012,2018-03-01,WOODLANDS,575000.0
1013,2018-03-01,YISHUN,568000.0
1014,2018-04-01,ANG MO KIO,808000.0
1015,2018-04-01,BEDOK,798000.0
1016,2018-04-01,BISHAN,853000.0
1017,2018-04-01,BUKIT BATOK,675000.0
1018,2018-04-01,BUKIT MERAH,840000.0
1019,2018-04-01,BUKIT PANJANG,760888.0
1020,2018-04-01,BUKIT TIMAH,740000.0
1021,2018-04-01,CENTRAL AREA,855000.0
1022,2018-04-01,CHOA CHU KANG,606000.0
1023,2018-04-01,CLEMENTI,855000.0
1024,2018-04-01,GEYLANG,808000.0
1025,2018-04-01,HOUGANG,860000.0
1026,2018-04-01,JURONG EAST,740000.0
1027,2018-04-01,JURONG WEST,665000.0
1028,2018-04-01,KALLANG/WHAMPOA,850000.0
1029,2018-04-01,MARINE PARADE,858000.0
1030,2018-04-01,PASIR RIS,750000.0
1031,2018-04-01,PUNGGOL,641000.0
1032,2018-04-01,QUEENSTOWN,860000.0
1033,2018-04-01,SEMBAWANG,480000.0
1034,2018-04-01,SENGKANG,650000.0
1035,2018-04-01,SERANGOON,850000.0
1036,2018-04-01,TAMPINES,785888.0
1037,2018-04-01,TOA PAYOH,850000.0
1038,2018-04-01,WOODLANDS,650000.0
1039,2018-04-01,YISHUN,575000.0
1040,2018-05-01,ANG MO KIO,860000.0
1041,2018-05-01,BEDOK,808000.0
1042,2018-05-01,BISHAN,850000.0
1043,2018-05-01,BUKIT BATOK,678000.0
1044,2018-05-01,BUKIT MERAH,848000.0
1045,2018-05-01,BUKIT PANJANG,680000.0
1046,2018-05-01,BUKIT TIMAH,720000.0
1047,2018-05-01,CENTRAL AREA,722000.0
1048,2018-05-01,CHOA CHU KANG,570000.0
1049,2018-05-01,CLEMENTI,727000.0
1050,2018-05-01,GEYLANG,823000.0
1051,2018-05-01,HOUGANG,830000.0
1052,2018-05-01,JURONG EAST,850000.0
1053,2018-05-01,JURONG WEST,770000.0
1054,2018-05-01,KALLANG/WHAMPOA,858000.0
1055,2018-05-01,MARINE PARADE,805000.0
1056,2018-05-01,PASIR RIS,750000.0
1057,2018-05-01,PUNGGOL,695000.0
1058,2018-05-01,QUEENSTOWN,825000.0
1059,2018-05-01,SEMBAWANG,544880.0
1060,2018-05-01,SENGKANG,597000.0
1061,2018-05-01,SERANGOON,763000.0
1062,2018-05-01,TAMPINES,830000.0
1063,2018-05-01,TOA PAYOH,835000.0
1064,2018-05-01,WOODLANDS,570000.0
1065,2018-05-01,YISHUN,658000.0
1066,2018-06-01,ANG MO KIO,850000.0
1067,2018-06-01,BEDOK,780000.0
1068,2018-06-01,BISHAN,860000.0
1069,2018-06-01,BUKIT BATOK,660000.0
1070,2018-06-01,BUKIT MERAH,835000.0
1071,2018-06-01,BUKIT PANJANG,678000.0
1072,2018-06-01,BUKIT TIMAH,760000.0
1073,2018-06-01,CENTRAL AREA,650000.0
1074,2018-06-01,CHOA CHU KANG,595000.0
1075,2018-06-01,CLEMENTI,848000.0
1076,2018-06-01,GEYLANG,808000.0
1077,2018-06-01,HOUGANG,760000.0
1078,2018-06-01,JURONG EAST,810000.0
1079,2018-06-01,JURONG WEST,650000.0
1080,2018-06-01,KALLANG/WHAMPOA,850000.0
1081,2018-06-01,MARINE PARADE,830000.0
1082,2018-06-01,PASIR RIS,690000.0
1083,2018-06-01,PUNGGOL,682888.0
1084,2018-06-01,QUEENSTOWN,838000.0
1085,2018-06-01,SEMBAWANG,515000.0
1086,2018-06-01,SENGKANG,590000.0
1087,2018-06-01,SERANGOON,750000.0
1088,2018-06-01,TAMPINES,825000.0
1089,2018-06-01,TOA PAYOH,860000.0
1090,2018-06-01,WOODLANDS,590000.0
1091,2018-06-01,YISHUN,545000.0
1092,2018-07-01,ANG MO KIO,820000.0
1093,2018-07-01,BEDOK,855000.0
1094,2018-07-01,BISHAN,850000.0
1095,2018-07-01,BUKIT BATOK,668000.0
1096,2018-07-01,BUKIT MERAH,840000.0
1097,2018-07-01,BUKIT PANJANG,778000.0
1098,2018-07-01,BUKIT TIMAH,830000.0
1099,2018-07-01,CENTRAL AREA,698000.0
1100,2018-07-01,CHOA CHU KANG,630000.0
1101,2018-07-01,CLEMENTI,858000.0
1102,2018-07-01,GEYLANG,835000.0
1103,2018-07-01,HOUGANG,845000.0
1104,2018-07-01,JURONG EAST,698000.0
1105,2018-07-01,JURONG WEST,638000.0
1106,2018-07-01,KALLANG/WHAMPOA,834000.0
1107,2018-07-01,MARINE PARADE,670000.0
1108,2018-07-01,PASIR RIS,763000.0
1109,2018-07-01,PUNGGOL,800000.0
1110,2018-07-01,QUEENSTOWN,860000.0
1111,2018-07-01,SEMBAWANG,550000.0
1112,2018-07-01,SENGKANG,660000.0
1113,2018-07-01,SERANGOON,838000.0
1114,2018-07-01,TAMPINES,820000.0
1115,2018-07-01,TOA PAYOH,855000.0
1116,2018-07-01,WOODLANDS,580000.0
1117,2018-07-01,YISHUN,650000.0
1118,2018-08-01,ANG MO KIO,850000.0
1119,2018-08-01,BEDOK,750000.0
1120,2018-08-01,BISHAN,854888.0
1121,2018-08-01,BUKIT BATOK,718000.0
1122,2018-08-01,BUKIT MERAH,855000.0
1123,2018-08-01,BUKIT PANJANG,760000.0
1124,2018-08-01,BUKIT TIMAH,620088.0
1125,2018-08-01,CENTRAL AREA,653000.0
1126,2018-08-01,CHOA CHU KANG,585000.0
1127,2018-08-01,CLEMENTI,860000.0
1128,2018-08-01,GEYLANG,850000.0
1129,2018-08-01,HOUGANG,833000.0
1130,2018-08-01,JURONG EAST,758000.0
1131,2018-08-01,JURONG WEST,600000.0
1132,2018-08-01,KALLANG/WHAMPOA,860000.0
1133,2018-08-01,MARINE PARADE,800000.0
1134,2018-08-01,PASIR RIS,805000.0
1135,2018-08-01,PUNGGOL,660000.0
1136,2018-08-01,QUEENSTOWN,818888.0
1137,2018-08-01,SEMBAWANG,590000.0
1138,2018-08-01,SENGKANG,618000.0
1139,2018-08-01,SERANGOON,738000.0
1140,2018-08-01,TAMPINES,838000.0
1141,2018-08-01,TOA PAYOH,828000.0
1142,2018-08-01,WOODLANDS,648000.0
1143,2018-08-01,YISHUN,580000.0
1144,2018-09-01,ANG MO KIO,820000.0
1145,2018-09-01,BEDOK,700000.0
1146,2018-09-01,BISHAN,850000.0
1147,2018-09-01,BUKIT BATOK,720000.0
1148,2018-09-01,BUKIT MERAH,845000.0
1149,2018-09-01,BUKIT PANJANG,720000.0
1150,2018-09-01,BUKIT TIMAH,755000.0
1151,2018-09-01,CENTRAL AREA,646000.0
1152,2018-09-01,CHOA CHU KANG,620000.0
1153,2018-09-01,CLEMENTI,755000.0
1154,2018-09-01,GEYLANG,860000.0
1155,2018-09-01,HOUGANG,816000.0
1156,2018-09-01,JURONG EAST,695000.0
1157,2018-09-01,JURONG WEST,625000.0
1158,2018-09-01,KALLANG/WHAMPOA,690000.0
1159,2018-09-01,MARINE PARADE,820000.0
1160,2018-09-01,PASIR RIS,803000.0
1161,2018-09-01,PUNGGOL,718000.0
1162,2018-09-01,QUEENSTOWN,860000.0
1163,2018-09-01,SEMBAWANG,500000.0
1164,2018-09-01,SENGKANG,655000.0
1165,2018-09-01,SERANGOON,860000.0
1166,2018-09-01,TAMPINES,808000.0
1167,2018-09-01,TOA PAYOH,835000.0
1168,2018-09-01,WOODLANDS,570000.0
1169,2018-09-01,YISHUN,695000.0
1170,2018-10-01,ANG MO KIO,845000.0
1171,2018-10-01,BEDOK,818000.0
1172,2018-10-01,BISHAN,857500.0
1173,2018-10-01,BUKIT BATOK,605000.0
1174,2018-10-01,BUKIT MERAH,860000.0
1175,2018-10-01,BUKIT PANJANG,700000.0
1176,2018-10-01,BUKIT TIMAH,760000.0
1177,2018-10-01,CENTRAL AREA,850000.0
1178,2018-10-01,CHOA CHU KANG,570000.0
1179,2018-10-01,CLEMENTI,845000.0
1180,2018-10-01,GEYLANG,840000.0
1181,2018-10-01,HOUGANG,760000.0
1182,2018-10-01,JURONG EAST,800000.0
1183,2018-10-01,JURONG WEST,688888.0
1184,2018-10-01,KALLANG/WHAMPOA,855000.0
1185,2018-10-01,MARINE PARADE,566000.0
1186,2018-10-01,PASIR RIS,750000.0
1187,2018-10-01,PUNGGOL,677000.0
1188,2018-10-01,QUEENSTOWN,858000.0
1189,2018-10-01,SEMBAWANG,532000.0
1190,2018-10-01,SENGKANG,630000.0
1191,2018-10-01,SERANGOON,788000.0
1192,2018-10-01,TAMPINES,860000.0
1193,2018-10-01,TOA PAYOH,835000.0
1194,2018-10-01,WOODLANDS,578888.0
1195,2018-10-01,YISHUN,655000.0
1196,2018-11-01,ANG MO KIO,820000.0
1197,2018-11-01,BEDOK,858000.0
1198,2018-11-01,BISHAN,850000.0
1199,2018-11-01,BUKIT BATOK,655000.0
1200,2018-11-01,BUKIT MERAH,840888.0
1201,2018-11-01,BUKIT PANJANG,720000.0
1202,2018-11-01,BUKIT TIMAH,630000.0
1203,2018-11-01,CENTRAL AREA,668000.0
1204,2018-11-01,CHOA CHU KANG,588000.0
1205,2018-11-01,CLEMENTI,858888.0
1206,2018-11-01,GEYLANG,820000.0
1207,2018-11-01,HOUGANG,850000.0
1208,2018-11-01,JURONG EAST,811000.0
1209,2018-11-01,JURONG WEST,650000.0
1210,2018-11-01,KALLANG/WHAMPOA,860000.0
1211,2018-11-01,MARINE PARADE,830000.0
1212,2018-11-01,PASIR RIS,758000.0
1213,2018-11-01,PUNGGOL,688000.0
1214,2018-11-01,QUEENSTOWN,825000.0
1215,2018-11-01,SEMBAWANG,580000.0
1216,2018-11-01,SENGKANG,680000.0
1217,2018-11-01,SERANGOON,850000.0
1218,2018-11-01,TAMPINES,790000.0
1219,2018-11-01,TOA PAYOH,830000.0
1220,2018-11-01,WOODLANDS,580000.0
1221,2018-11-01,YISHUN,610000.0
1222,2018-12-01,ANG MO KIO,845000.0
1223,2018-12-01,BEDOK,720000.0
1224,2018-12-01,BISHAN,795000.0
1225,2018-12-01,BUKIT BATOK,740000.0
1226,2018-12-01,BUKIT MERAH,855000.0
1227,2018-12-01,BUKIT PANJANG,678000.0
1228,2018-12-01,BUKIT TIMAH,850000.0
1229,2018-12-01,CENTRAL AREA,585888.0
1230,2018-12-01,CHOA CHU KANG,590000.0
1231,2018-12-01,CLEMENTI,741000.0
1232,2018-12-01,GEYLANG,700000.0
1233,2018-12-01,HOUGANG,803000.0
1234,2018-12-01,JURONG EAST,650000.0
1235,2018-12-01,JURONG WEST,740000.0
1236,2018-12-01,KALLANG/WHAMPOA,735000.0
1237,2018-12-01,MARINE PARADE,830000.0
1238,2018-12-01,PASIR RIS,745000.0
1239,2018-12-01,PUNGGOL,728000.0
1240,2018-12-01,QUEENSTOWN,830000.0
1241,2018-12-01,SEMBAWANG,520000.0
1242,2018-12-01,SENGKANG,600000.0
1243,2018-12-01,SERANGOON,750000.0
1244,2018-12-01,TAMPINES,830000.0
1245,2018-12-01,TOA PAYOH,830000.0
1246,2018-12-01,WOODLANDS,596000.0
1247,2018-12-01,YISHUN,720000.0
1248,2019-01-01,ANG MO KIO,793800.0
1249,2019-01-01,BEDOK,833000.0
1250,2019-01-01,BISHAN,820000.0
1251,2019-01-01,BUKIT BATOK,780000.0
1252,2019-01-01,BUKIT MERAH,850000.0
1253,2019-01-01,BUKIT PANJANG,755000.0
1254,2019-01-01,BUKIT TIMAH,750000.0
1255,2019-01-01,CENTRAL AREA,840000.0
1256,2019-01-01,CHOA CHU KANG,620000.0
1257,2019-01-01,CLEMENTI,859000.0
1258,2019-01-01,GEYLANG,780000.0
1259,2019-01-01,HOUGANG,770000.0
1260,2019-01-01,JURONG EAST,838000.0
1261,2019-01-01,JURONG WEST,648000.0
1262,2019-01-01,KALLANG/WHAMPOA,750000.0
1263,2019-01-01,MARINE PARADE,818000.0
1264,2019-01-01,PASIR RIS,772500.0
1265,2019-01-01,PUNGGOL,728888.0
1266,2019-01-01,QUEENSTOWN,838000.0
1267,2019-01-01,SEMBAWANG,485000.0
1268,2019-01-01,SENGKANG,618000.0
1269,2019-01-01,SERANGOON,856000.0
1270,2019-01-01,TAMPINES,720000.0
1271,2019-01-01,TOA PAYOH,850000.0
1272,2019-01-01,WOODLANDS,620000.0
1273,2019-01-01,YISHUN,758000.0
1274,2019-02-01,ANG MO KIO,760000.0
1275,2019-02-01,BEDOK,788000.0
1276,2019-02-01,BISHAN,840000.0
1277,2019-02-01,BUKIT BATOK,741800.0
1278,2019-02-01,BUKIT MERAH,830000.0
1279,2019-02-01,BUKIT PANJANG,635000.0
1280,2019-02-01,BUKIT TIMAH,725000.0
1281,2019-02-01,CENTRAL AREA,743000.0
1282,2019-02-01,CHOA CHU KANG,590000.0
1283,2019-02-01,CLEMENTI,855000.0
1284,2019-02-01,GEYLANG,808000.0
1285,2019-02-01,HOUGANG,752000.0
1286,2019-02-01,JURONG EAST,770000.0
1287,2019-02-01,JURONG WEST,620000.0
1288,2019-02-01,KALLANG/WHAMPOA,831000.0
1289,2019-02-01,MARINE PARADE,730000.0
1290,2019-02-01,PASIR RIS,725000.0
1291,2019-02-01,PUNGGOL,670000.0
1292,2019-02-01,QUEENSTOWN,842000.0
1293,2019-02-01,SEMBAWANG,471800.0
1294,2019-02-01,SENGKANG,600000.0
1295,2019-02-01,SERANGOON,745000.0
1296,2019-02-01,TAMPINES,792000.0
1297,2019-02-01,TOA PAYOH,853000.0
1298,2019-02-01,WOODLANDS,606000.0
1299,2019-02-01,YISHUN,698000.0
1300,2019-03-01,ANG MO KIO,802888.0
1301,2019-03-01,BEDOK,708000.0
1302,2019-03-01,BISHAN,745000.0
1303,2019-03-01,BUKIT BATOK,720000.0
1304,2019-03-01,BUKIT MERAH,860000.0
1305,2019-03-01,BUKIT PANJANG,728000.0
1306,2019-03-01,BUKIT TIMAH,830000.0
1307,2019-03-01,CENTRAL AREA,698000.0
1308,2019-03-01,CHOA CHU KANG,560000.0
1309,2019-03-01,CLEMENTI,730000.0
1310,2019-03-01,GEYLANG,842000.0
1311,2019-03-01,HOUGANG,695000.0
1312,2019-03-01,JURONG EAST,739000.0
1313,2019-03-01,JURONG WEST,610000.0
1314,2019-03-01,KALLANG/WHAMPOA,855000.0
1315,2019-03-01,MARINE PARADE,680000.0
1316,2019-03-01,PASIR RIS,713888.0
1317,2019-03-01,PUNGGOL,710000.0
1318,2019-03-01,QUEENSTOWN,833000.0
1319,2019-03-01,SEMBAWANG,510000.0
1320,2019-03-01,SENGKANG,660880.0
1321,2019-03-01,SERANGOON,842500.0
1322,2019-03-01,TAMPINES,810000.0
1323,2019-03-01,TOA PAYOH,838000.0
1324,2019-03-01,WOODLANDS,645000.0
1325,2019-03-01,YISHUN,700000.0
1326,2019-04-01,ANG MO KIO,810000.0
1327,2019-04-01,BEDOK,770000.0
1328,2019-04-01,BISHAN,777000.0
1329,2019-04-01,BUKIT BATOK,708000.0
1330,2019-04-01,BUKIT MERAH,850000.0
1331,2019-04-01,BUKIT PANJANG,740000.0
1332,2019-04-01,BUKIT TIMAH,818000.0
1333,2019-04-01,CENTRAL AREA,685000.0
1334,2019-04-01,CHOA CHU KANG,640000.0
1335,2019-04-01,CLEMENTI,817000.0
1336,2019-04-01,GEYLANG,765000.0
1337,2019-04-01,HOUGANG,660000.0
1338,2019-04-01,JURONG EAST,852008.0
1339,2019-04-01,JURONG WEST,608000.0
1340,2019-04-01,KALLANG/WHAMPOA,860000.0
1341,2019-04-01,MARINE PARADE,828000.0
1342,2019-04-01,PASIR RIS,710000.0
1343,2019-04-01,PUNGGOL,703000.0
1344,2019-04-01,QUEENSTOWN,840000.0
1345,2019-04-01,SEMBAWANG,572000.0
1346,2019-04-01,SENGKANG,680000.0
1347,2019-04-01,SERANGOON,858000.0
1348,2019-04-01,TAMPINES,816000.0
1349,2019-04-01,TOA PAYOH,840000.0
1350,2019-04-01,WOODLANDS,620000.0
1351,2019-04-01,YISHUN,610000.0
1352,2019-05-01,ANG MO KIO,860000.0
1353,2019-05-01,BEDOK,800000.0
1354,2019-05-01,BISHAN,833000.0
1355,2019-05-01,BUKIT BATOK,680000.0
1356,2019-05-01,BUKIT MERAH,860000.0
1357,2019-05-01,BUKIT PANJANG,732000.0
1358,2019-05-01,BUKIT TIMAH,852000.0
1359,2019-05-01,CENTRAL AREA,830000.0
1360,2019-05-01,CHOA CHU KANG,603000.0
1361,2019-05-01,CLEMENTI,816000.0
1362,2019-05-01,GEYLANG,838000.0
1363,2019-05-01,HOUGANG,760000.0
1364,2019-05-01,JURONG EAST,670000.0
1365,2019-05-01,JURONG WEST,678000.0
1366,2019-05-01,KALLANG/WHAMPOA,857000.0
1367,2019-05-01,MARINE PARADE,854000.0
1368,2019-05-01,PASIR RIS,715000.0
1369,2019-05-01,PUNGGOL,768000.0
1370,2019-05-01,QUEENSTOWN,840010.0
1371,2019-05-01,SEMBAWANG,553000.0
1372,2019-05-01,SENGKANG,700000.0
1373,2019-05-01,SERANGOON,738000.0
1374,2019-05-01,TAMPINES,820000.0
1375,2019-05-01,TOA PAYOH,822000.0
1376,2019-05-01,WOODLANDS,645000.0
1377,2019-05-01,YISHUN,618000.0
1378,2019-06-01,ANG MO KIO,800000.0
1379,2019-06-01,BEDOK,770000.0
1380,2019-06-01,BISHAN,860000.0
1381,2019-06-01,BUKIT BATOK,680000.0
1382,2019-06-01,BUKIT MERAH,860000.0
1383,2019-06-01,BUKIT PANJANG,765000.0
1384,2019-06-01,BUKIT TIMAH,752888.0
1385,2019-06-01,CENTRAL AREA,827000.0
1386,2019-06-01,CHOA CHU KANG,570000.0
1387,2019-06-01,CLEMENTI,840000.0
1388,2019-06-01,GEYLANG,805000.0
1389,2019-06-01,HOUGANG,755000.0
1390,2019-06-01,JURONG EAST,820000.0
1391,2019-06-01,JURONG WEST,710000.0
1392,2019-06-01,KALLANG/WHAMPOA,850000.0
1393,2019-06-01,MARINE PARADE,855000.0
1394,2019-06-01,PASIR RIS,735000.0
1395,2019-06-01,PUNGGOL,695000.0
1396,2019-06-01,QUEENSTOWN,850000.0
1397,2019-06-01,SEMBAWANG,515000.0
1398,2019-06-01,SENGKANG,690000.0
1399,2019-06-01,SERANGOON,850000.0
1400,2019-06-01,TAMPINES,810000.0
1401,2019-06-01,TOA PAYOH,838000.0
1402,2019-06-01,WOODLANDS,590888.0
1403,2019-06-01,YISHUN,735000.0
1404,2019-07-01,ANG MO KIO,860000.0
1405,2019-07-01,BEDOK,780000.0
1406,2019-07-01,BISHAN,858000.0
1407,2019-07-01,BUKIT BATOK,719000.0
1408,2019-07-01,BUKIT MERAH,840000.0
1409,2019-07-01,BUKIT PANJANG,728000.0
1410,2019-07-01,BUKIT TIMAH,818000.0
1411,2019-07-01,CENTRAL AREA,670000.0
1412,2019-07-01,CHOA CHU KANG,590000.0
1413,2019-07-01,CLEMENTI,860000.0
1414,2019-07-01,GEYLANG,820000.0
1415,2019-07-01,HOUGANG,780000.0
1416,2019-07-01,JURONG EAST,673000.0
1417,2019-07-01,JURONG WEST,680000.0
1418,2019-07-01,KALLANG/WHAMPOA,845000.0
1419,2019-07-01,MARINE PARADE,808000.0
1420,2019-07-01,PASIR RIS,660000.0
1421,2019-07-01,PUNGGOL,675000.0
1422,2019-07-01,QUEENSTOWN,852000.0
1423,2019-07-01,SEMBAWANG,568000.0
1424,2019-07-01,SENGKANG,678000.0
1425,2019-07-01,SERANGOON,770000.0
1426,2019-07-01,TAMPINES,812888.0
1427,2019-07-01,TOA PAYOH,845000.0
1428,2019-07-01,WOODLANDS,650000.0
1429,2019-07-01,YISHUN,716888.0
1430,2019-08-01,ANG MO KIO,748000.0
1431,2019-08-01,BEDOK,815000.0
1432,2019-08-01,BISHAN,850000.0
1433,2019-08-01,BUKIT BATOK,643000.0
1434,2019-08-01,BUKIT MERAH,840000.0
1435,2019-08-01,BUKIT PANJANG,800000.0
1436,2019-08-01,BUKIT TIMAH,670000.0
1437,2019-08-01,CENTRAL AREA,668000.0
1438,2019-08-01,CHOA CHU KANG,640000.0
1439,2019-08-01,CLEMENTI,838000.0
1440,2019-08-01,GEYLANG,852000.0
1441,2019-08-01,HOUGANG,831500.0
1442,2019-08-01,JURONG EAST,638000.0
1443,2019-08-01,JURONG WEST,640000.0
1444,2019-08-01,KALLANG/WHAMPOA,842000.0
1445,2019-08-01,MARINE PARADE,800000.0
1446,2019-08-01,PASIR RIS,780000.0
1447,2019-08-01,PUNGGOL,728000.0
1448,2019-08-01,QUEENSTOWN,860000.0
1449,2019-08-01,SEMBAWANG,510000.0
1450,2019-08-01,SENGKANG,710000.0
1451,2019-08-01,SERANGOON,700000.0
1452,2019-08-01,TAMPINES,830000.0
1453,2019-08-01,TOA PAYOH,855000.0
1454,2019-08-01,WOODLANDS,580000.0
1455,2019-08-01,YISHUN,725000.0
1456,2019-09-01,ANG MO KIO,860000.0
1457,2019-09-01,BEDOK,790000.0
1458,2019-09-01,BISHAN,850000.0
1459,2019-09-01,BUKIT BATOK,719000.0
1460,2019-09-01,BUKIT MERAH,860000.0
1461,2019-09-01,BUKIT PANJANG,743888.0
1462,2019-09-01,BUKIT TIMAH,560000.0
1463,2019-09-01,CENTRAL AREA,650000.0
1464,2019-09-01,CHOA CHU KANG,581000.0
1465,2019-09-01,CLEMENTI,830000.0
1466,2019-09-01,GEYLANG,860000.0
1467,2019-09-01,HOUGANG,835000.0
1468,2019-09-01,JURONG EAST,648000.0
1469,2019-09-01,JURONG WEST,680000.0
1470,2019-09-01,KALLANG/WHAMPOA,830000.0
1471,2019-09-01,MARINE PARADE,690000.0
1472,2019-09-01,PASIR RIS,780000.0
1473,2019-09-01,PUNGGOL,690000.0
1474,2019-09-01,QUEENSTOWN,850000.0
1475,2019-09-01,SEMBAWANG,605000.0
1476,2019-09-01,SENGKANG,712000.0
1477,2019-09-01,SERANGOON,780000.0
1478,2019-09-01,TAMPINES,808000.0
1479,2019-09-01,TOA PAYOH,838000.0
1480,2019-09-01,WOODLANDS,560000.0
1481,2019-09-01,YISHUN,668000.0
1482,2019-10-01,ANG MO KIO,825000.0
1483,2019-10-01,BEDOK,818000.0
1484,2019-10-01,BISHAN,821888.0
1485,2019-10-01,BUKIT BATOK,668888.0
1486,2019-10-01,BUKIT MERAH,858000.0
1487,2019-10-01,BUKIT PANJANG,736000.0
1488,2019-10-01,BUKIT TIMAH,855000.0
1489,2019-10-01,CENTRAL AREA,720888.0
1490,2019-10-01,CHOA CHU KANG,675000.0
1491,2019-10-01,CLEMENTI,765888.0
1492,2019-10-01,GEYLANG,840000.0
1493,2019-10-01,HOUGANG,850000.0
1494,2019-10-01,JURONG EAST,785000.0
1495,2019-10-01,JURONG WEST,645000.0
1496,2019-10-01,KALLANG/WHAMPOA,835000.0
1497,2019-10-01,MARINE PARADE,815000.0
1498,2019-10-01,PASIR RIS,750000.0
1499,2019-10-01,PUNGGOL,705000.0
1500,2019-10-01,QUEENSTOWN,820000.0
1501,2019-10-01,SEMBAWANG,525000.0
1502,2019-10-01,SENGKANG,715000.0
1503,2019-10-01,SERANGOON,780000.0
1504,2019-10-01,TAMPINES,842000.0
1505,2019-10-01,TOA PAYOH,850000.0
1506,2019-10-01,WOODLANDS,590000.0
1507,2019-10-01,YISHUN,710000.0
1508,2019-11-01,ANG MO KIO,820000.0
1509,2019-11-01,BEDOK,790000.0
1510,2019-11-01,BISHAN,820000.0
1511,2019-11-01,BUKIT BATOK,728000.0
1512,2019-11-01,BUKIT MERAH,838000.0
1513,2019-11-01,BUKIT PANJANG,720500.0
1514,2019-11-01,BUKIT TIMAH,842000.0
1515,2019-11-01,CENTRAL AREA,750000.0
1516,2019-11-01,CHOA CHU KANG,618000.0
1517,2019-11-01,CLEMENTI,780000.0
1518,2019-11-01,GEYLANG,795000.0
1519,2019-11-01,HOUGANG,828000.0
1520,2019-11-01,JURONG EAST,810000.0
1521,2019-11-01,JURONG WEST,658000.0
1522,2019-11-01,KALLANG/WHAMPOA,846888.0
1523,2019-11-01,MARINE PARADE,710000.0
1524,2019-11-01,PASIR RIS,710000.0
1525,2019-11-01,PUNGGOL,740000.0
1526,2019-11-01,QUEENSTOWN,845000.0
1527,2019-11-01,SEMBAWANG,555000.0
1528,2019-11-01,SENGKANG,705000.0
1529,2019-11-01,SERANGOON,860000.0
1530,2019-11-01,TAMPINES,830000.0
1531,2019-11-01,TOA PAYOH,835000.0
1532,2019-11-01,WOODLANDS,599999.0
1533,2019-11-01,YISHUN,618000.0
1534,2019-12-01,ANG MO KIO,780000.0
1535,2019-12-01,BEDOK,740000.0
1536,2019-12-01,BISHAN,788000.0
1537,2019-12-01,BUKIT BATOK,650000.0
1538,2019-12-01,BUKIT MERAH,860000.0
1539,2019-12-01,BUKIT PANJANG,770000.0
1540,2019-12-01,BUKIT TIMAH,725000.0
1541,2019-12-01,CENTRAL AREA,620000.0
1542,2019-12-01,CHOA CHU KANG,630000.0
1543,2019-12-01,CLEMENTI,740000.0
1544,2019-12-01,GEYLANG,838000.0
1545,2019-12-01,HOUGANG,825000.0
1546,2019-12-01,JURONG EAST,770000.0
1547,2019-12-01,JURONG WEST,680000.0
1548,2019-12-01,KALLANG/WHAMPOA,850000.0
1549,2019-12-01,MARINE PARADE,820000.0
1550,2019-12-01,PASIR RIS,735000.0
1551,2019-12-01,PUNGGOL,720000.0
1552,2019-12-01,QUEENSTOWN,838000.0
1553,2019-12-01,SEMBAWANG,520000.0
1554,2019-12-01,SENGKANG,690000.0
1555,2019-12-01,SERANGOON,775000.0
1556,2019-12-01,TAMPINES,800000.0
1557,2019-12-01,TOA PAYOH,860000.0
1558,2019-12-01,WOODLANDS,585000.0
1559,2019-12-01,YISHUN,620000.0
1560,2020-01-01,ANG MO KIO,840000.0
1561,2020-01-01,BEDOK,798888.0
1562,2020-01-01,BISHAN,860000.0
1563,2020-01-01,BUKIT BATOK,720000.0
1564,2020-01-01,BUKIT MERAH,845888.0
1565,2020-01-01,BUKIT PANJANG,720000.0
1566,2020-01-01,BUKIT TIMAH,850000.0
1567,2020-01-01,CENTRAL AREA,465000.0
1568,2020-01-01,CHOA CHU KANG,622000.0
1569,2020-01-01,CLEMENTI,860000.0
1570,2020-01-01,GEYLANG,818000.0
1571,2020-01-01,HOUGANG,853000.0
1572,2020-01-01,JURONG EAST,820000.0
1573,2020-01-01,JURONG WEST,720000.0
1574,2020-01-01,KALLANG/WHAMPOA,855000.0
1575,2020-01-01,MARINE PARADE,535000.0
1576,2020-01-01,PASIR RIS,775000.0
1577,2020-01-01,PUNGGOL,695000.0
1578,2020-01-01,QUEENSTOWN,860000.0
1579,2020-01-01,SEMBAWANG,522000.0
1580,2020-01-01,SENGKANG,615000.0
1581,2020-01-01,SERANGOON,800000.0
1582,2020-01-01,TAMPINES,812000.0
1583,2020-01-01,TOA PAYOH,838000.0
1584,2020-01-01,WOODLANDS,545000.0
1585,2020-01-01,YISHUN,715000.0
1586,2020-02-01,ANG MO KIO,840000.0
1587,2020-02-01,BEDOK,815000.0
1588,2020-02-01,BISHAN,858000.0
1589,2020-02-01,BUKIT BATOK,665000.0
1590,2020-02-01,BUKIT MERAH,850000.0
1591,2020-02-01,BUKIT PANJANG,760000.0
1592,2020-02-01,BUKIT TIMAH,
1593,2020-02-01,CENTRAL AREA,600000.0
1594,2020-02-01,CHOA CHU KANG,602000.0
1595,2020-02-01,CLEMENTI,815000.0
1596,2020-02-01,GEYLANG,862000.0
1597,2020-02-01,HOUGANG,858000.0
1598,2020-02-01,JURONG EAST,770000.0
1599,2020-02-01,JURONG WEST,666000.0
1600,2020-02-01,KALLANG/WHAMPOA,745000.0
1601,2020-02-01,MARINE PARADE,860000.0
1602,2020-02-01,PASIR RIS,770000.0
1603,2020-02-01,PUNGGOL,700000.0
1604,2020-02-01,QUEENSTOWN,850000.0
1605,2020-02-01,SEMBAWANG,540000.0
1606,2020-02-01,SENGKANG,700000.0
1607,2020-02-01,SERANGOON,720000.0
1608,2020-02-01,TAMPINES,795000.0
1609,2020-02-01,TOA PAYOH,788000.0
1610,2020-02-01,WOODLANDS,570000.0
1611,2020-02-01,YISHUN,630000.0
1612,2020-03-01,ANG MO KIO,852888.0
1613,2020-03-01,BEDOK,822000.0
1614,2020-03-01,BISHAN,860000.0
1615,2020-03-01,BUKIT BATOK,708000.0
1616,2020-03-01,BUKIT MERAH,850000.0
1617,2020-03-01,BUKIT PANJANG,665000.0
1618,2020-03-01,BUKIT TIMAH,860000.0
1619,2020-03-01,CENTRAL AREA,650000.0
1620,2020-03-01,CHOA CHU KANG,582000.0
1621,2020-03-01,CLEMENTI,855000.0
1622,2020-03-01,GEYLANG,810000.0
1623,2020-03-01,HOUGANG,765000.0
1624,2020-03-01,JURONG EAST,818000.0
1625,2020-03-01,JURONG WEST,720000.0
1626,2020-03-01,KALLANG/WHAMPOA,860000.0
1627,2020-03-01,MARINE PARADE,495000.0
1628,2020-03-01,PASIR RIS,760000.0
1629,2020-03-01,PUNGGOL,643000.0
1630,2020-03-01,QUEENSTOWN,860000.0
1631,2020-03-01,SEMBAWANG,534888.0
1632,2020-03-01,SENGKANG,700000.0
1633,2020-03-01,SERANGOON,800000.0
1634,2020-03-01,TAMPINES,808888.0
1635,2020-03-01,TOA PAYOH,845000.0
1636,2020-03-01,WOODLANDS,653000.0
1637,2020-03-01,YISHUN,740000.0
1638,2020-04-01,ANG MO KIO,815000.0
1639,2020-04-01,BEDOK,780000.0
1640,2020-04-01,BISHAN,808000.0
1641,2020-04-01,BUKIT BATOK,575000.0
1642,2020-04-01,BUKIT MERAH,802000.0
1643,2020-04-01,BUKIT PANJANG,560000.0
1644,2020-04-01,BUKIT TIMAH,400000.0
1645,2020-04-01,CENTRAL AREA,
1646,2020-04-01,CHOA CHU KANG,590000.0
1647,2020-04-01,CLEMENTI,825000.0
1648,2020-04-01,GEYLANG,733000.0
1649,2020-04-01,HOUGANG,710000.0
1650,2020-04-01,JURONG EAST,670000.0
1651,2020-04-01,JURONG WEST,713800.0
1652,2020-04-01,KALLANG/WHAMPOA,770000.0
1653,2020-04-01,MARINE PARADE,458000.0
1654,2020-04-01,PASIR RIS,650000.0
1655,2020-04-01,PUNGGOL,688000.0
1656,2020-04-01,QUEENSTOWN,850000.0
1657,2020-04-01,SEMBAWANG,515000.0
1658,2020-04-01,SENGKANG,610000.0
1659,2020-04-01,SERANGOON,618000.0
1660,2020-04-01,TAMPINES,800000.0
1661,2020-04-01,TOA PAYOH,830000.0
1662,2020-04-01,WOODLANDS,611000.0
1663,2020-04-01,YISHUN,678000.0
1664,2020-05-01,ANG MO KIO,835000.0
1665,2020-05-01,BEDOK,700000.0
1666,2020-05-01,BISHAN,555000.0
1667,2020-05-01,BUKIT BATOK,570000.0
1668,2020-05-01,BUKIT MERAH,826000.0
1669,2020-05-01,BUKIT PANJANG,555000.0
1670,2020-05-01,BUKIT TIMAH,860000.0
1671,2020-05-01,CENTRAL AREA,465000.0
1672,2020-05-01,CHOA CHU KANG,620000.0
1673,2020-05-01,CLEMENTI,655000.0
1674,2020-05-01,GEYLANG,788000.0
1675,2020-05-01,HOUGANG,780000.0
1676,2020-05-01,JURONG EAST,630000.0
1677,2020-05-01,JURONG WEST,678000.0
1678,2020-05-01,KALLANG/WHAMPOA,663888.0
1679,2020-05-01,MARINE PARADE,760000.0
1680,2020-05-01,PASIR RIS,615000.0
1681,2020-05-01,PUNGGOL,670000.0
1682,2020-05-01,QUEENSTOWN,760000.0
1683,2020-05-01,SEMBAWANG,478000.0
1684,2020-05-01,SENGKANG,585000.0
1685,2020-05-01,SERANGOON,685000.0
1686,2020-05-01,TAMPINES,630000.0
1687,2020-05-01,TOA PAYOH,862500.0
1688,2020-05-01,WOODLANDS,545000.0
1689,2020-05-01,YISHUN,652888.0
1690,2020-06-01,ANG MO KIO,818000.0
1691,2020-06-01,BEDOK,810000.0
1692,2020-06-01,BISHAN,833800.0
1693,2020-06-01,BUKIT BATOK,720000.0
1694,2020-06-01,BUKIT MERAH,850000.0
1695,2020-06-01,BUKIT PANJANG,690000.0
1696,2020-06-01,BUKIT TIMAH,828000.0
1697,2020-06-01,CENTRAL AREA,690000.0
1698,2020-06-01,CHOA CHU KANG,618000.0
1699,2020-06-01,CLEMENTI,760000.0
1700,2020-06-01,GEYLANG,860000.0
1701,2020-06-01,HOUGANG,840000.0
1702,2020-06-01,JURONG EAST,650000.0
1703,2020-06-01,JURONG WEST,666000.0
1704,2020-06-01,KALLANG/WHAMPOA,733888.0
1705,2020-06-01,MARINE PARADE,760000.0
1706,2020-06-01,PASIR RIS,790000.0
1707,2020-06-01,PUNGGOL,860000.0
1708,2020-06-01,QUEENSTOWN,860000.0
1709,2020-06-01,SEMBAWANG,488000.0
1710,2020-06-01,SENGKANG,620000.0
1711,2020-06-01,SERANGOON,820000.0
1712,2020-06-01,TAMPINES,857000.0
1713,2020-06-01,TOA PAYOH,860000.0
1714,2020-06-01,WOODLANDS,580000.0
1715,2020-06-01,YISHUN,660000.0
1716,2020-07-01,ANG MO KIO,740000.0
1717,2020-07-01,BEDOK,843000.0
1718,2020-07-01,BISHAN,852000.0
1719,2020-07-01,BUKIT BATOK,729000.0
1720,2020-07-01,BUKIT MERAH,840000.0
1721,2020-07-01,BUKIT PANJANG,712888.0
1722,2020-07-01,BUKIT TIMAH,718000.0
1723,2020-07-01,CENTRAL AREA,710000.0
1724,2020-07-01,CHOA CHU KANG,622000.0
1725,2020-07-01,CLEMENTI,845000.0
1726,2020-07-01,GEYLANG,740000.0
1727,2020-07-01,HOUGANG,785000.0
1728,2020-07-01,JURONG EAST,785000.0
1729,2020-07-01,JURONG WEST,710000.0
1730,2020-07-01,KALLANG/WHAMPOA,710000.0
1731,2020-07-01,MARINE PARADE,735000.0
1732,2020-07-01,PASIR RIS,708000.0
1733,2020-07-01,PUNGGOL,760000.0
1734,2020-07-01,QUEENSTOWN,855000.0
1735,2020-07-01,SEMBAWANG,555000.0
1736,2020-07-01,SENGKANG,665000.0
1737,2020-07-01,SERANGOON,800000.0
1738,2020-07-01,TAMPINES,830000.0
1739,2020-07-01,TOA PAYOH,838000.0
1740,2020-07-01,WOODLANDS,580000.0
1741,2020-07-01,YISHUN,597000.0
1742,2020-08-01,ANG MO KIO,828000.0
1743,2020-08-01,BEDOK,840000.0
1744,2020-08-01,BISHAN,845000.0
1745,2020-08-01,BUKIT BATOK,710000.0
1746,2020-08-01,BUKIT MERAH,858000.0
1747,2020-08-01,BUKIT PANJANG,790000.0
1748,2020-08-01,BUKIT TIMAH,850000.0
1749,2020-08-01,CENTRAL AREA,586000.0
1750,2020-08-01,CHOA CHU KANG,590000.0
1751,2020-08-01,CLEMENTI,780888.0
1752,2020-08-01,GEYLANG,770000.0
1753,2020-08-01,HOUGANG,830000.0
1754,2020-08-01,JURONG EAST,777000.0
1755,2020-08-01,JURONG WEST,710000.0
1756,2020-08-01,KALLANG/WHAMPOA,850000.0
1757,2020-08-01,MARINE PARADE,488000.0
1758,2020-08-01,PASIR RIS,730000.0
1759,2020-08-01,PUNGGOL,755000.0
1760,2020-08-01,QUEENSTOWN,860000.0
1761,2020-08-01,SEMBAWANG,533000.0
1762,2020-08-01,SENGKANG,726000.0
1763,2020-08-01,SERANGOON,840000.0
1764,2020-08-01,TAMPINES,820000.0
1765,2020-08-01,TOA PAYOH,780000.0
1766,2020-08-01,WOODLANDS,590000.0
1767,2020-08-01,YISHUN,639888.0
1768,2020-09-01,ANG MO KIO,850888.0
1769,2020-09-01,BEDOK,856000.0
1770,2020-09-01,BISHAN,850000.0
1771,2020-09-01,BUKIT BATOK,760000.0
1772,2020-09-01,BUKIT MERAH,862000.0
1773,2020-09-01,BUKIT PANJANG,818000.0
1774,2020-09-01,BUKIT TIMAH,828000.0
1775,2020-09-01,CENTRAL AREA,680000.0
1776,2020-09-01,CHOA CHU KANG,668800.0
1777,2020-09-01,CLEMENTI,855000.0
1778,2020-09-01,GEYLANG,858000.0
1779,2020-09-01,HOUGANG,800000.0
1780,2020-09-01,JURONG EAST,800000.0
1781,2020-09-01,JURONG WEST,675000.0
1782,2020-09-01,KALLANG/WHAMPOA,860000.0
1783,2020-09-01,MARINE PARADE,777000.0
1784,2020-09-01,PASIR RIS,770000.0
1785,2020-09-01,PUNGGOL,745000.0
1786,2020-09-01,QUEENSTOWN,860000.0
1787,2020-09-01,SEMBAWANG,543000.0
1788,2020-09-01,SENGKANG,724000.0
1789,2020-09-01,SERANGOON,750000.0
1790,2020-09-01,TAMPINES,815000.0
1791,2020-09-01,TOA PAYOH,850000.0
1792,2020-09-01,WOODLANDS,580000.0
1793,2020-09-01,YISHUN,770000.0
1794,2020-10-01,ANG MO KIO,853000.0
1795,2020-10-01,BEDOK,800000.0
1796,2020-10-01,BISHAN,860000.0
1797,2020-10-01,BUKIT BATOK,745000.0
1798,2020-10-01,BUKIT MERAH,860000.0
1799,2020-10-01,BUKIT PANJANG,800000.0
1800,2020-10-01,BUKIT TIMAH,832000.0
1801,2020-10-01,CENTRAL AREA,670000.0
1802,2020-10-01,CHOA CHU KANG,618000.0
1803,2020-10-01,CLEMENTI,862000.0
1804,2020-10-01,GEYLANG,828888.0
1805,2020-10-01,HOUGANG,808000.0
1806,2020-10-01,JURONG EAST,820000.0
1807,2020-10-01,JURONG WEST,739000.0
1808,2020-10-01,KALLANG/WHAMPOA,800000.0
1809,2020-10-01,MARINE PARADE,843000.0
1810,2020-10-01,PASIR RIS,765000.0
1811,2020-10-01,PUNGGOL,739888.0
1812,2020-10-01,QUEENSTOWN,860000.0
1813,2020-10-01,SEMBAWANG,575000.0
1814,2020-10-01,SENGKANG,700000.0
1815,2020-10-01,SERANGOON,860000.0
1816,2020-10-01,TAMPINES,850000.0
1817,2020-10-01,TOA PAYOH,855000.0
1818,2020-10-01,WOODLANDS,638000.0
1819,2020-10-01,YISHUN,720000.0
1820,2020-11-01,ANG MO KIO,845000.0
1821,2020-11-01,BEDOK,786000.0
1822,2020-11-01,BISHAN,820000.0
1823,2020-11-01,BUKIT BATOK,805000.0
1824,2020-11-01,BUKIT MERAH,860000.0
1825,2020-11-01,BUKIT PANJANG,738888.0
1826,2020-11-01,BUKIT TIMAH,750000.0
1827,2020-11-01,CENTRAL AREA,681000.0
1828,2020-11-01,CHOA CHU KANG,599000.0
1829,2020-11-01,CLEMENTI,860000.0
1830,2020-11-01,GEYLANG,800000.0
1831,2020-11-01,HOUGANG,810000.0
1832,2020-11-01,JURONG EAST,800000.0
1833,2020-11-01,JURONG WEST,735000.0
1834,2020-11-01,KALLANG/WHAMPOA,860000.0
1835,2020-11-01,MARINE PARADE,808000.0
1836,2020-11-01,PASIR RIS,785000.0
1837,2020-11-01,PUNGGOL,708000.0
1838,2020-11-01,QUEENSTOWN,855000.0
1839,2020-11-01,SEMBAWANG,577000.0
1840,2020-11-01,SENGKANG,730000.0
1841,2020-11-01,SERANGOON,816000.0
1842,2020-11-01,TAMPINES,845000.0
1843,2020-11-01,TOA PAYOH,858000.0
1844,2020-11-01,WOODLANDS,610000.0
1845,2020-11-01,YISHUN,660000.0
1846,2020-12-01,ANG MO KIO,860000.0
1847,2020-12-01,BEDOK,813000.0
1848,2020-12-01,BISHAN,860000.0
1849,2020-12-01,BUKIT BATOK,772288.0
1850,2020-12-01,BUKIT MERAH,850000.0
1851,2020-12-01,BUKIT PANJANG,750000.0
1852,2020-12-01,BUKIT TIMAH,765000.0
1853,2020-12-01,CENTRAL AREA,768000.0
1854,2020-12-01,CHOA CHU KANG,585000.0
1855,2020-12-01,CLEMENTI,855000.0
1856,2020-12-01,GEYLANG,840000.0
1857,2020-12-01,HOUGANG,845888.0
1858,2020-12-01,JURONG EAST,820000.0
1859,2020-12-01,JURONG WEST,707500.0
1860,2020-12-01,KALLANG/WHAMPOA,850000.0
1861,2020-12-01,MARINE PARADE,847500.0
1862,2020-12-01,PASIR RIS,775000.0
1863,2020-12-01,PUNGGOL,725000.0
1864,2020-12-01,QUEENSTOWN,860888.0
1865,2020-12-01,SEMBAWANG,555000.0
1866,2020-12-01,SENGKANG,650000.0
1867,2020-12-01,SERANGOON,833888.0
1868,2020-12-01,TAMPINES,828000.0
1869,2020-12-01,TOA PAYOH,855000.0
1870,2020-12-01,WOODLANDS,670000.0
1871,2020-12-01,YISHUN,683500.0
1872,2021-01-01,ANG MO KIO,830000.0
1873,2021-01-01,BEDOK,838000.0
1874,2021-01-01,BISHAN,858000.0
1875,2021-01-01,BUKIT BATOK,738000.0
1876,2021-01-01,BUKIT MERAH,860000.0
1877,2021-01-01,BUKIT PANJANG,790000.0
1878,2021-01-01,BUKIT TIMAH,828000.0
1879,2021-01-01,CENTRAL AREA,665000.0
1880,2021-01-01,CHOA CHU KANG,680000.0
1881,2021-01-01,CLEMENTI,816000.0
1882,2021-01-01,GEYLANG,850000.0
1883,2021-01-01,HOUGANG,817000.0
1884,2021-01-01,JURONG EAST,850000.0
1885,2021-01-01,JURONG WEST,635000.0
1886,2021-01-01,KALLANG/WHAMPOA,828000.0
1887,2021-01-01,MARINE PARADE,850000.0
1888,2021-01-01,PASIR RIS,838000.0
1889,2021-01-01,PUNGGOL,736000.0
1890,2021-01-01,QUEENSTOWN,861888.0
1891,2021-01-01,SEMBAWANG,588000.0
1892,2021-01-01,SENGKANG,718000.0
1893,2021-01-01,SERANGOON,850000.0
1894,2021-01-01,TAMPINES,825000.0
1895,2021-01-01,TOA PAYOH,860000.0
1896,2021-01-01,WOODLANDS,620000.0
1897,2021-01-01,YISHUN,698000.0
1898,2021-02-01,ANG MO KIO,850000.0
1899,2021-02-01,BEDOK,795000.0
1900,2021-02-01,BISHAN,850000.0
1901,2021-02-01,BUKIT BATOK,788000.0
1902,2021-02-01,BUKIT MERAH,860000.0
1903,2021-02-01,BUKIT PANJANG,825888.0
1904,2021-02-01,BUKIT TIMAH,850000.0
1905,2021-02-01,CENTRAL AREA,538000.0
1906,2021-02-01,CHOA CHU KANG,630000.0
1907,2021-02-01,CLEMENTI,860000.0
1908,2021-02-01,GEYLANG,858000.0
1909,2021-02-01,HOUGANG,765000.0
1910,2021-02-01,JURONG EAST,765000.0
1911,2021-02-01,JURONG WEST,730000.0
1912,2021-02-01,KALLANG/WHAMPOA,860000.0
1913,2021-02-01,MARINE PARADE,795000.0
1914,2021-02-01,PASIR RIS,760000.0
1915,2021-02-01,PUNGGOL,735000.0
1916,2021-02-01,QUEENSTOWN,855000.0
1917,2021-02-01,SEMBAWANG,530000.0
1918,2021-02-01,SENGKANG,750000.0
1919,2021-02-01,SERANGOON,780000.0
1920,2021-02-01,TAMPINES,830000.0
1921,2021-02-01,TOA PAYOH,858888.0
1922,2021-02-01,WOODLANDS,650000.0
1923,2021-02-01,YISHUN,705000.0
1924,2021-03-01,ANG MO KIO,850000.0
1925,2021-03-01,BEDOK,862000.0
1926,2021-03-01,BISHAN,850000.0
1927,2021-03-01,BUKIT BATOK,838888.0
1928,2021-03-01,BUKIT MERAH,860000.0
1929,2021-03-01,BUKIT PANJANG,758000.0
1930,2021-03-01,BUKIT TIMAH,580000.0
1931,2021-03-01,CENTRAL AREA,860000.0
1932,2021-03-01,CHOA CHU KANG,612000.0
1933,2021-03-01,CLEMENTI,823828.0
1934,2021-03-01,GEYLANG,843888.0
1935,2021-03-01,HOUGANG,800000.0
1936,2021-03-01,JURONG EAST,828000.0
1937,2021-03-01,JURONG WEST,743000.0
1938,2021-03-01,KALLANG/WHAMPOA,858000.0
1939,2021-03-01,MARINE PARADE,858000.0
1940,2021-03-01,PASIR RIS,786888.0
1941,2021-03-01,PUNGGOL,720000.0
1942,2021-03-01,QUEENSTOWN,860888.0
1943,2021-03-01,SEMBAWANG,605000.0
1944,2021-03-01,SENGKANG,750000.0
1945,2021-03-01,SERANGOON,835000.0
1946,2021-03-01,TAMPINES,855000.0
1947,2021-03-01,TOA PAYOH,850000.0
1948,2021-03-01,WOODLANDS,640000.0
1949,2021-03-01,YISHUN,700000.0
1950,2021-04-01,ANG MO KIO,770000.0
1951,2021-04-01,BEDOK,860000.0
1952,2021-04-01,BISHAN,850000.0
1953,2021-04-01,BUKIT BATOK,735000.0
1954,2021-04-01,BUKIT MERAH,855000.0
1955,2021-04-01,BUKIT PANJANG,750000.0
1956,2021-04-01,BUKIT TIMAH,678000.0
1957,2021-04-01,CENTRAL AREA,830000.0
1958,2021-04-01,CHOA CHU KANG,663800.0
1959,2021-04-01,CLEMENTI,858000.0
1960,2021-04-01,GEYLANG,840000.0
1961,2021-04-01,HOUGANG,860000.0
1962,2021-04-01,JURONG EAST,830000.0
1963,2021-04-01,JURONG WEST,745000.0
1964,2021-04-01,KALLANG/WHAMPOA,840000.0
1965,2021-04-01,MARINE PARADE,855000.0
1966,2021-04-01,PASIR RIS,858000.0
1967,2021-04-01,PUNGGOL,740000.0
1968,2021-04-01,QUEENSTOWN,840000.0
1969,2021-04-01,SEMBAWANG,625000.0
1970,2021-04-01,SENGKANG,745000.0
1971,2021-04-01,SERANGOON,800000.0
1972,2021-04-01,TAMPINES,830000.0
1973,2021-04-01,TOA PAYOH,835000.0
1974,2021-04-01,WOODLANDS,690888.0
1975,2021-04-01,YISHUN,730000.0
1976,2021-05-01,ANG MO KIO,784999.0
1977,2021-05-01,BEDOK,825000.0
1978,2021-05-01,BISHAN,820000.0
1979,2021-05-01,BUKIT BATOK,738000.0
1980,2021-05-01,BUKIT MERAH,862000.0
1981,2021-05-01,BUKIT PANJANG,858888.0
1982,2021-05-01,BUKIT TIMAH,770000.0
1983,2021-05-01,CENTRAL AREA,715000.0
1984,2021-05-01,CHOA CHU KANG,720000.0
1985,2021-05-01,CLEMENTI,860000.0
1986,2021-05-01,GEYLANG,833888.0
1987,2021-05-01,HOUGANG,780000.0
1988,2021-05-01,JURONG EAST,832000.0
1989,2021-05-01,JURONG WEST,798000.0
1990,2021-05-01,KALLANG/WHAMPOA,845000.0
1991,2021-05-01,MARINE PARADE,820000.0
1992,2021-05-01,PASIR RIS,826000.0
1993,2021-05-01,PUNGGOL,760000.0
1994,2021-05-01,QUEENSTOWN,855000.0
1995,2021-05-01,SEMBAWANG,580000.0
1996,2021-05-01,SENGKANG,757000.0
1997,2021-05-01,SERANGOON,820000.0
1998,2021-05-01,TAMPINES,848000.0
1999,2021-05-01,TOA PAYOH,860000.0
2000,2021-05-01,WOODLANDS,730000.0
2001,2021-05-01,YISHUN,738000.0
2002,2021-06-01,ANG MO KIO,812000.0
2003,2021-06-01,BEDOK,850000.0
2004,2021-06-01,BISHAN,858888.0
2005,2021-06-01,BUKIT BATOK,820000.0
2006,2021-06-01,BUKIT MERAH,853000.0
2007,2021-06-01,BUKIT PANJANG,801000.0
2008,2021-06-01,BUKIT TIMAH,820000.0
2009,2021-06-01,CENTRAL AREA,738000.0
2010,2021-06-01,CHOA CHU KANG,685000.0
2011,2021-06-01,CLEMENTI,840000.0
2012,2021-06-01,GEYLANG,810000.0
2013,2021-06-01,HOUGANG,860000.0
2014,2021-06-01,JURONG EAST,850000.0
2015,2021-06-01,JURONG WEST,750000.0
2016,2021-06-01,KALLANG/WHAMPOA,792888.0
2017,2021-06-01,MARINE PARADE,855001.0
2018,2021-06-01,PASIR RIS,800000.0
2019,2021-06-01,PUNGGOL,750000.0
2020,2021-06-01,QUEENSTOWN,860000.0
2021,2021-06-01,SEMBAWANG,685000.0
2022,2021-06-01,SENGKANG,775000.0
2023,2021-06-01,SERANGOON,860000.0
2024,2021-06-01,TAMPINES,800000.0
2025,2021-06-01,TOA PAYOH,860000.0
2026,2021-06-01,WOODLANDS,730000.0
2027,2021-06-01,YISHUN,715000.0
2028,2021-07-01,ANG MO KIO,813000.0
2029,2021-07-01,BEDOK,853000.0
2030,2021-07-01,BISHAN,850000.0
2031,2021-07-01,BUKIT BATOK,763000.0
2032,2021-07-01,BUKIT MERAH,860000.0
2033,2021-07-01,BUKIT PANJANG,825000.0
2034,2021-07-01,BUKIT TIMAH,702900.0
2035,2021-07-01,CENTRAL AREA,506000.0
2036,2021-07-01,CHOA CHU KANG,680000.0
2037,2021-07-01,CLEMENTI,843000.0
2038,2021-07-01,GEYLANG,815000.0
2039,2021-07-01,HOUGANG,860000.0
2040,2021-07-01,JURONG EAST,795000.0
2041,2021-07-01,JURONG WEST,745000.0
2042,2021-07-01,KALLANG/WHAMPOA,860000.0
2043,2021-07-01,MARINE PARADE,853000.0
2044,2021-07-01,PASIR RIS,860800.0
2045,2021-07-01,PUNGGOL,750000.0
2046,2021-07-01,QUEENSTOWN,860000.0
2047,2021-07-01,SEMBAWANG,625000.0
2048,2021-07-01,SENGKANG,812000.0
2049,2021-07-01,SERANGOON,830000.0
2050,2021-07-01,TAMPINES,850000.0
2051,2021-07-01,TOA PAYOH,818000.0
2052,2021-07-01,WOODLANDS,730000.0
2053,2021-07-01,YISHUN,730000.0
2054,2021-08-01,ANG MO KIO,780000.0
2055,2021-08-01,BEDOK,838000.0
2056,2021-08-01,BISHAN,835000.0
2057,2021-08-01,BUKIT BATOK,830000.0
2058,2021-08-01,BUKIT MERAH,860000.0
2059,2021-08-01,BUKIT PANJANG,800000.0
2060,2021-08-01,BUKIT TIMAH,750000.0
2061,2021-08-01,CENTRAL AREA,858000.0
2062,2021-08-01,CHOA CHU KANG,722000.0
2063,2021-08-01,CLEMENTI,845000.0
2064,2021-08-01,GEYLANG,856000.0
2065,2021-08-01,HOUGANG,838000.0
2066,2021-08-01,JURONG EAST,855000.0
2067,2021-08-01,JURONG WEST,745888.0
2068,2021-08-01,KALLANG/WHAMPOA,855000.0
2069,2021-08-01,MARINE PARADE,829000.0
2070,2021-08-01,PASIR RIS,808000.0
2071,2021-08-01,PUNGGOL,748000.0
2072,2021-08-01,QUEENSTOWN,860000.0
2073,2021-08-01,SEMBAWANG,630000.0
2074,2021-08-01,SENGKANG,785000.0
2075,2021-08-01,SERANGOON,800000.0
2076,2021-08-01,TAMPINES,833000.0
2077,2021-08-01,TOA PAYOH,838000.0
2078,2021-08-01,WOODLANDS,730000.0
2079,2021-08-01,YISHUN,745000.0
2080,2021-09-01,ANG MO KIO,810000.0
2081,2021-09-01,BEDOK,855000.0
2082,2021-09-01,BISHAN,830000.0
2083,2021-09-01,BUKIT BATOK,838000.0
2084,2021-09-01,BUKIT MERAH,857000.0
2085,2021-09-01,BUKIT PANJANG,800000.0
2086,2021-09-01,BUKIT TIMAH,828000.0
2087,2021-09-01,CENTRAL AREA,700000.0
2088,2021-09-01,CHOA CHU KANG,640000.0
2089,2021-09-01,CLEMENTI,795000.0
2090,2021-09-01,GEYLANG,800000.0
2091,2021-09-01,HOUGANG,810000.0
2092,2021-09-01,JURONG EAST,850000.0
2093,2021-09-01,JURONG WEST,718888.0
2094,2021-09-01,KALLANG/WHAMPOA,858888.0
2095,2021-09-01,MARINE PARADE,818000.0
2096,2021-09-01,PASIR RIS,852000.0
2097,2021-09-01,PUNGGOL,750000.0
2098,2021-09-01,QUEENSTOWN,860000.0
2099,2021-09-01,SEMBAWANG,705000.0
2100,2021-09-01,SENGKANG,775000.0
2101,2021-09-01,SERANGOON,811800.0
2102,2021-09-01,TAMPINES,859000.0
2103,2021-09-01,TOA PAYOH,852000.0
2104,2021-09-01,WOODLANDS,800000.0
2105,2021-09-01,YISHUN,760000.0
2106,2021-10-01,ANG MO KIO,825000.0
2107,2021-10-01,BEDOK,845000.0
2108,2021-10-01,BISHAN,830000.0
2109,2021-10-01,BUKIT BATOK,855000.0
2110,2021-10-01,BUKIT MERAH,860000.0
2111,2021-10-01,BUKIT PANJANG,790000.0
2112,2021-10-01,BUKIT TIMAH,860000.0
2113,2021-10-01,CENTRAL AREA,838000.0
2114,2021-10-01,CHOA CHU KANG,702888.0
2115,2021-10-01,CLEMENTI,790000.0
2116,2021-10-01,GEYLANG,790000.0
2117,2021-10-01,HOUGANG,848888.0
2118,2021-10-01,JURONG EAST,650000.0
2119,2021-10-01,JURONG WEST,780000.0
2120,2021-10-01,KALLANG/WHAMPOA,838888.0
2121,2021-10-01,MARINE PARADE,850000.0
2122,2021-10-01,PASIR RIS,860000.0
2123,2021-10-01,PUNGGOL,770000.0
2124,2021-10-01,QUEENSTOWN,838000.0
2125,2021-10-01,SEMBAWANG,650000.0
2126,2021-10-01,SENGKANG,785000.0
2127,2021-10-01,SERANGOON,860000.0
2128,2021-10-01,TAMPINES,860000.0
2129,2021-10-01,TOA PAYOH,858000.0
2130,2021-10-01,WOODLANDS,750000.0
2131,2021-10-01,YISHUN,800000.0
2132,2021-11-01,ANG MO KIO,840000.0
2133,2021-11-01,BEDOK,850000.0
2134,2021-11-01,BISHAN,780000.0
2135,2021-11-01,BUKIT BATOK,820000.0
2136,2021-11-01,BUKIT MERAH,860000.0
2137,2021-11-01,BUKIT PANJANG,776000.0
2138,2021-11-01,BUKIT TIMAH,683000.0
2139,2021-11-01,CENTRAL AREA,688000.0
2140,2021-11-01,CHOA CHU KANG,745000.0
2141,2021-11-01,CLEMENTI,810000.0
2142,2021-11-01,GEYLANG,858000.0
2143,2021-11-01,HOUGANG,856000.0
2144,2021-11-01,JURONG EAST,855000.0
2145,2021-11-01,JURONG WEST,734000.0
2146,2021-11-01,KALLANG/WHAMPOA,860000.0
2147,2021-11-01,MARINE PARADE,860000.0
2148,2021-11-01,PASIR RIS,845000.0
2149,2021-11-01,PUNGGOL,788000.0
2150,2021-11-01,QUEENSTOWN,848000.0
2151,2021-11-01,SEMBAWANG,650000.0
2152,2021-11-01,SENGKANG,820000.0
2153,2021-11-01,SERANGOON,800000.0
2154,2021-11-01,TAMPINES,824000.0
2155,2021-11-01,TOA PAYOH,850000.0
2156,2021-11-01,WOODLANDS,718000.0
2157,2021-11-01,YISHUN,780000.0
2158,2021-12-01,ANG MO KIO,798000.0
2159,2021-12-01,BEDOK,850000.0
2160,2021-12-01,BISHAN,820000.0
2161,2021-12-01,BUKIT BATOK,850000.0
2162,2021-12-01,BUKIT MERAH,860000.0
2163,2021-12-01,BUKIT PANJANG,818000.0
2164,2021-12-01,BUKIT TIMAH,703600.0
2165,2021-12-01,CENTRAL AREA,851000.0
2166,2021-12-01,CHOA CHU KANG,718000.0
2167,2021-12-01,CLEMENTI,862000.0
2168,2021-12-01,GEYLANG,830000.0
2169,2021-12-01,HOUGANG,815000.0
2170,2021-12-01,JURONG EAST,850000.0
2171,2021-12-01,JURONG WEST,688000.0
2172,2021-12-01,KALLANG/WHAMPOA,840000.0
2173,2021-12-01,MARINE PARADE,828000.0
2174,2021-12-01,PASIR RIS,790000.0
2175,2021-12-01,PUNGGOL,778000.0
2176,2021-12-01,QUEENSTOWN,855000.0
2177,2021-12-01,SEMBAWANG,660000.0
2178,2021-12-01,SENGKANG,810000.0
2179,2021-12-01,SERANGOON,850000.0
2180,2021-12-01,TAMPINES,858000.0
2181,2021-12-01,TOA PAYOH,855000.0
2182,2021-12-01,WOODLANDS,743000.0
2183,2021-12-01,YISHUN,848000.0
2184,2022-01-01,ANG MO KIO,838000.0
2185,2022-01-01,BEDOK,850000.0
2186,2022-01-01,BISHAN,832000.0
2187,2022-01-01,BUKIT BATOK,840000.0
2188,2022-01-01,BUKIT MERAH,860000.0
2189,2022-01-01,BUKIT PANJANG,828000.0
2190,2022-01-01,BUKIT TIMAH,828000.0
2191,2022-01-01,CENTRAL AREA,740000.0
2192,2022-01-01,CHOA CHU KANG,775000.0
2193,2022-01-01,CLEMENTI,860000.0
2194,2022-01-01,GEYLANG,822000.0
2195,2022-01-01,HOUGANG,840000.0
2196,2022-01-01,JURONG EAST,720888.0
2197,2022-01-01,JURONG WEST,715000.0
2198,2022-01-01,KALLANG/WHAMPOA,848000.0
2199,2022-01-01,MARINE PARADE,850000.0
2200,2022-01-01,PASIR RIS,838000.0
2201,2022-01-01,PUNGGOL,828000.0
2202,2022-01-01,QUEENSTOWN,860000.0
2203,2022-01-01,SEMBAWANG,700000.0
2204,2022-01-01,SENGKANG,840000.0
2205,2022-01-01,SERANGOON,818000.0
2206,2022-01-01,TAMPINES,840000.0
2207,2022-01-01,TOA PAYOH,850000.0
2208,2022-01-01,WOODLANDS,780000.0
2209,2022-01-01,YISHUN,830000.0
2210,2022-02-01,ANG MO KIO,840000.0
2211,2022-02-01,BEDOK,770000.0
2212,2022-02-01,BISHAN,850000.0
2213,2022-02-01,BUKIT BATOK,850000.0
2214,2022-02-01,BUKIT MERAH,858000.0
2215,2022-02-01,BUKIT PANJANG,802888.0
2216,2022-02-01,BUKIT TIMAH,776000.0
2217,2022-02-01,CENTRAL AREA,588000.0
2218,2022-02-01,CHOA CHU KANG,670000.0
2219,2022-02-01,CLEMENTI,850000.0
2220,2022-02-01,GEYLANG,855000.0
2221,2022-02-01,HOUGANG,861000.0
2222,2022-02-01,JURONG EAST,850000.0
2223,2022-02-01,JURONG WEST,738000.0
2224,2022-02-01,KALLANG/WHAMPOA,858000.0
2225,2022-02-01,MARINE PARADE,760000.0
2226,2022-02-01,PASIR RIS,850000.0
2227,2022-02-01,PUNGGOL,805888.0
2228,2022-02-01,QUEENSTOWN,850000.0
2229,2022-02-01,SEMBAWANG,700000.0
2230,2022-02-01,SENGKANG,828000.0
2231,2022-02-01,SERANGOON,828000.0
2232,2022-02-01,TAMPINES,848888.0
2233,2022-02-01,TOA PAYOH,838000.0
2234,2022-02-01,WOODLANDS,765000.0
2235,2022-02-01,YISHUN,800000.0
2236,2022-03-01,ANG MO KIO,860000.0
2237,2022-03-01,BEDOK,830000.0
2238,2022-03-01,BISHAN,855000.0
2239,2022-03-01,BUKIT BATOK,800000.0
2240,2022-03-01,BUKIT MERAH,835000.0
2241,2022-03-01,BUKIT PANJANG,835000.0
2242,2022-03-01,BUKIT TIMAH,580000.0
2243,2022-03-01,CENTRAL AREA,735000.0
2244,2022-03-01,CHOA CHU KANG,755000.0
2245,2022-03-01,CLEMENTI,860000.0
2246,2022-03-01,GEYLANG,858000.0
2247,2022-03-01,HOUGANG,860000.0
2248,2022-03-01,JURONG EAST,800000.0
2249,2022-03-01,JURONG WEST,758000.0
2250,2022-03-01,KALLANG/WHAMPOA,858000.0
2251,2022-03-01,MARINE PARADE,830000.0
2252,2022-03-01,PASIR RIS,850000.0
2253,2022-03-01,PUNGGOL,778888.0
2254,2022-03-01,QUEENSTOWN,835000.0
2255,2022-03-01,SEMBAWANG,700000.0
2256,2022-03-01,SENGKANG,820000.0
2257,2022-03-01,SERANGOON,850000.0
2258,2022-03-01,TAMPINES,858000.0
2259,2022-03-01,TOA PAYOH,848000.0
2260,2022-03-01,WOODLANDS,728000.0
2261,2022-03-01,YISHUN,818000.0
2262,2022-04-01,ANG MO KIO,860000.0
2263,2022-04-01,BEDOK,825000.0
2264,2022-04-01,BISHAN,850000.0
2265,2022-04-01,BUKIT BATOK,850000.0
2266,2022-04-01,BUKIT MERAH,860000.0
2267,2022-04-01,BUKIT PANJANG,848000.0
2268,2022-04-01,BUKIT TIMAH,732888.0
2269,2022-04-01,CENTRAL AREA,640000.0
2270,2022-04-01,CHOA CHU KANG,720000.0
2271,2022-04-01,CLEMENTI,860000.0
2272,2022-04-01,GEYLANG,845000.0
2273,2022-04-01,HOUGANG,860000.0
2274,2022-04-01,JURONG EAST,805000.0
2275,2022-04-01,JURONG WEST,768000.0
2276,2022-04-01,KALLANG/WHAMPOA,862000.0
2277,2022-04-01,MARINE PARADE,828000.0
2278,2022-04-01,PASIR RIS,850000.0
2279,2022-04-01,PUNGGOL,770000.0
2280,2022-04-01,QUEENSTOWN,860000.0
2281,2022-04-01,SEMBAWANG,688888.0
2282,2022-04-01,SENGKANG,850888.0
2283,2022-04-01,SERANGOON,850000.0
2284,2022-04-01,TAMPINES,855000.0
2285,2022-04-01,TOA PAYOH,860000.0
2286,2022-04-01,WOODLANDS,770000.0
2287,2022-04-01,YISHUN,800000.0
2288,2022-05-01,ANG MO KIO,855000.0
2289,2022-05-01,BEDOK,830000.0
2290,2022-05-01,BISHAN,858000.0
2291,2022-05-01,BUKIT BATOK,862000.0
2292,2022-05-01,BUKIT MERAH,855000.0
2293,2022-05-01,BUKIT PANJANG,858000.0
2294,2022-05-01,BUKIT TIMAH,840000.0
2295,2022-05-01,CENTRAL AREA,710000.0
2296,2022-05-01,CHOA CHU KANG,775000.0
2297,2022-05-01,CLEMENTI,855000.0
2298,2022-05-01,GEYLANG,832500.0
2299,2022-05-01,HOUGANG,830000.0
2300,2022-05-01,JURONG EAST,825000.0
2301,2022-05-01,JURONG WEST,730000.0
2302,2022-05-01,KALLANG/WHAMPOA,860000.0
2303,2022-05-01,MARINE PARADE,840000.0
2304,2022-05-01,PASIR RIS,835000.0
2305,2022-05-01,PUNGGOL,830000.0
2306,2022-05-01,QUEENSTOWN,860000.0
2307,2022-05-01,SEMBAWANG,721000.0
2308,2022-05-01,SENGKANG,810000.0
2309,2022-05-01,SERANGOON,850000.0
2310,2022-05-01,TAMPINES,850000.0
2311,2022-05-01,TOA PAYOH,860000.0
2312,2022-05-01,WOODLANDS,850000.0
2313,2022-05-01,YISHUN,761000.0
2314,2022-06-01,ANG MO KIO,841080.0
2315,2022-06-01,BEDOK,858888.0
2316,2022-06-01,BISHAN,850000.0
2317,2022-06-01,BUKIT BATOK,840000.0
2318,2022-06-01,BUKIT MERAH,855000.0
2319,2022-06-01,BUKIT PANJANG,800000.0
2320,2022-06-01,BUKIT TIMAH,628000.0
2321,2022-06-01,CENTRAL AREA,740000.0
2322,2022-06-01,CHOA CHU KANG,798000.0
2323,2022-06-01,CLEMENTI,850000.0
2324,2022-06-01,GEYLANG,845000.0
2325,2022-06-01,HOUGANG,845000.0
2326,2022-06-01,JURONG EAST,760000.0
2327,2022-06-01,JURONG WEST,800000.0
2328,2022-06-01,KALLANG/WHAMPOA,860000.0
2329,2022-06-01,MARINE PARADE,838000.0
2330,2022-06-01,PASIR RIS,860000.0
2331,2022-06-01,PUNGGOL,800000.0
2332,2022-06-01,QUEENSTOWN,860000.0
2333,2022-06-01,SEMBAWANG,736000.0
2334,2022-06-01,SENGKANG,860000.0
2335,2022-06-01,SERANGOON,835000.0
2336,2022-06-01,TAMPINES,856888.0
2337,2022-06-01,TOA PAYOH,860000.0
2338,2022-06-01,WOODLANDS,735000.0
2339,2022-06-01,YISHUN,810000.0
2340,2022-07-01,ANG MO KIO,850000.0
2341,2022-07-01,BEDOK,860000.0
2342,2022-07-01,BISHAN,860000.0
2343,2022-07-01,BUKIT BATOK,845000.0
2344,2022-07-01,BUKIT MERAH,862000.0
2345,2022-07-01,BUKIT PANJANG,850000.0
2346,2022-07-01,BUKIT TIMAH,768000.0
2347,2022-07-01,CENTRAL AREA,750000.0
2348,2022-07-01,CHOA CHU KANG,850000.0
2349,2022-07-01,CLEMENTI,855000.0
2350,2022-07-01,GEYLANG,808000.0
2351,2022-07-01,HOUGANG,860000.0
2352,2022-07-01,JURONG EAST,776888.0
2353,2022-07-01,JURONG WEST,780000.0
2354,2022-07-01,KALLANG/WHAMPOA,862100.0
2355,2022-07-01,MARINE PARADE,839980.0
2356,2022-07-01,PASIR RIS,838000.0
2357,2022-07-01,PUNGGOL,828000.0
2358,2022-07-01,QUEENSTOWN,860000.0
2359,2022-07-01,SEMBAWANG,740000.0
2360,2022-07-01,SENGKANG,811000.0
2361,2022-07-01,SERANGOON,858000.0
2362,2022-07-01,TAMPINES,858000.0
2363,2022-07-01,TOA PAYOH,850000.0
2364,2022-07-01,WOODLANDS,730000.0
2365,2022-07-01,YISHUN,780000.0
2366,2022-08-01,ANG MO KIO,860000.0
2367,2022-08-01,BEDOK,850000.0
2368,2022-08-01,BISHAN,850000.0
2369,2022-08-01,BUKIT BATOK,841288.0
2370,2022-08-01,BUKIT MERAH,860000.0
2371,2022-08-01,BUKIT PANJANG,800000.0
2372,2022-08-01,BUKIT TIMAH,773000.0
2373,2022-08-01,CENTRAL AREA,640000.0
2374,2022-08-01,CHOA CHU KANG,768000.0
2375,2022-08-01,CLEMENTI,855000.0
2376,2022-08-01,GEYLANG,838000.0
2377,2022-08-01,HOUGANG,855000.0
2378,2022-08-01,JURONG EAST,790000.0
2379,2022-08-01,JURONG WEST,805000.0
2380,2022-08-01,KALLANG/WHAMPOA,848000.0
2381,2022-08-01,MARINE PARADE,860000.0
2382,2022-08-01,PASIR RIS,860000.0
2383,2022-08-01,PUNGGOL,785000.0
2384,2022-08-01,QUEENSTOWN,843000.0
2385,2022-08-01,SEMBAWANG,690000.0
2386,2022-08-01,SENGKANG,830000.0
2387,2022-08-01,SERANGOON,818000.0
2388,2022-08-01,TAMPINES,862500.0
2389,2022-08-01,TOA PAYOH,820000.0
2390,2022-08-01,WOODLANDS,770000.0
2391,2022-08-01,YISHUN,838888.0
2392,2022-09-01,ANG MO KIO,852800.0
2393,2022-09-01,BEDOK,830000.0
2394,2022-09-01,BISHAN,860888.0
2395,2022-09-01,BUKIT BATOK,860000.0
2396,2022-09-01,BUKIT MERAH,860000.0
2397,2022-09-01,BUKIT PANJANG,860000.0
2398,2022-09-01,BUKIT TIMAH,743888.0
2399,2022-09-01,CENTRAL AREA,828000.0
2400,2022-09-01,CHOA CHU KANG,800000.0
2401,2022-09-01,CLEMENTI,785888.0
2402,2022-09-01,GEYLANG,860000.0
2403,2022-09-01,HOUGANG,855000.0
2404,2022-09-01,JURONG EAST,750000.0
2405,2022-09-01,JURONG WEST,776000.0
2406,2022-09-01,KALLANG/WHAMPOA,860000.0
2407,2022-09-01,MARINE PARADE,595000.0
2408,2022-09-01,PASIR RIS,855000.0
2409,2022-09-01,PUNGGOL,838000.0
2410,2022-09-01,QUEENSTOWN,860000.0
2411,2022-09-01,SEMBAWANG,735000.0
2412,2022-09-01,SENGKANG,860000.0
2413,2022-09-01,SERANGOON,825000.0
2414,2022-09-01,TAMPINES,860000.0
2415,2022-09-01,TOA PAYOH,835000.0
2416,2022-09-01,WOODLANDS,820000.0
2417,2022-09-01,YISHUN,818000.0
2418,2022-10-01,ANG MO KIO,858000.0
2419,2022-10-01,BEDOK,850000.0
2420,2022-10-01,BISHAN,860000.0
2421,2022-10-01,BUKIT BATOK,855000.0
2422,2022-10-01,BUKIT MERAH,858888.0
2423,2022-10-01,BUKIT PANJANG,818000.0
2424,2022-10-01,BUKIT TIMAH,790000.0
2425,2022-10-01,CENTRAL AREA,785888.0
2426,2022-10-01,CHOA CHU KANG,751888.0
2427,2022-10-01,CLEMENTI,860000.0
2428,2022-10-01,GEYLANG,850000.0
2429,2022-10-01,HOUGANG,858137.0
2430,2022-10-01,JURONG EAST,740000.0
2431,2022-10-01,JURONG WEST,805000.0
2432,2022-10-01,KALLANG/WHAMPOA,860500.0
2433,2022-10-01,MARINE PARADE,840000.0
2434,2022-10-01,PASIR RIS,850000.0
2435,2022-10-01,PUNGGOL,850800.0
2436,2022-10-01,QUEENSTOWN,795000.0
2437,2022-10-01,SEMBAWANG,735000.0
2438,2022-10-01,SENGKANG,750000.0
2439,2022-10-01,SERANGOON,850000.0
2440,2022-10-01,TAMPINES,861000.0
2441,2022-10-01,TOA PAYOH,850000.0
2442,2022-10-01,WOODLANDS,780000.0
2443,2022-10-01,YISHUN,770800.0
2444,2022-11-01,ANG MO KIO,820000.0
2445,2022-11-01,BEDOK,858000.0
2446,2022-11-01,BISHAN,838000.0
2447,2022-11-01,BUKIT BATOK,860000.0
2448,2022-11-01,BUKIT MERAH,860000.0
2449,2022-11-01,BUKIT PANJANG,848888.0
2450,2022-11-01,BUKIT TIMAH,845000.0
2451,2022-11-01,CENTRAL AREA,751000.0
2452,2022-11-01,CHOA CHU KANG,810000.0
2453,2022-11-01,CLEMENTI,858000.0
2454,2022-11-01,GEYLANG,840000.0
2455,2022-11-01,HOUGANG,860000.0
2456,2022-11-01,JURONG EAST,745888.0
2457,2022-11-01,JURONG WEST,755000.0
2458,2022-11-01,KALLANG/WHAMPOA,850000.0
2459,2022-11-01,MARINE PARADE,848000.0
2460,2022-11-01,PASIR RIS,830000.0
2461,2022-11-01,PUNGGOL,833000.0
2462,2022-11-01,QUEENSTOWN,850000.0
2463,2022-11-01,SEMBAWANG,746000.0
2464,2022-11-01,SENGKANG,822000.0
2465,2022-11-01,SERANGOON,810000.0
2466,2022-11-01,TAMPINES,855000.0
2467,2022-11-01,TOA PAYOH,855000.0
2468,2022-11-01,WOODLANDS,805888.0
2469,2022-11-01,YISHUN,838888.0
2470,2022-12-01,ANG MO KIO,823000.0
2471,2022-12-01,BEDOK,850000.0
2472,2022-12-01,BISHAN,850000.0
2473,2022-12-01,BUKIT BATOK,850000.0
2474,2022-12-01,BUKIT MERAH,855000.0
2475,2022-12-01,BUKIT PANJANG,855000.0
2476,2022-12-01,BUKIT TIMAH,615000.0
2477,2022-12-01,CENTRAL AREA,735000.0
2478,2022-12-01,CHOA CHU KANG,780000.0
2479,2022-12-01,CLEMENTI,860000.0
2480,2022-12-01,GEYLANG,860000.0
2481,2022-12-01,HOUGANG,853000.0
2482,2022-12-01,JURONG EAST,850000.0
2483,2022-12-01,JURONG WEST,858000.0
2484,2022-12-01,KALLANG/WHAMPOA,820000.0
2485,2022-12-01,MARINE PARADE,753000.0
2486,2022-12-01,PASIR RIS,838000.0
2487,2022-12-01,PUNGGOL,838000.0
2488,2022-12-01,QUEENSTOWN,795000.0
2489,2022-12-01,SEMBAWANG,748000.0
2490,2022-12-01,SENGKANG,811000.0
2491,2022-12-01,SERANGOON,855000.0
2492,2022-12-01,TAMPINES,846888.0
2493,2022-12-01,TOA PAYOH,850000.0
2494,2022-12-01,WOODLANDS,788000.0
2495,2022-12-01,YISHUN,845000.0
2496,2023-01-01,ANG MO KIO,858000.0
2497,2023-01-01,BEDOK,850000.0
2498,2023-01-01,BISHAN,785000.0
2499,2023-01-01,BUKIT BATOK,860000.0
2500,2023-01-01,BUKIT MERAH,860000.0
2501,2023-01-01,BUKIT PANJANG,860000.0
2502,2023-01-01,BUKIT TIMAH,840000.0
2503,2023-01-01,CENTRAL AREA,700000.0
2504,2023-01-01,CHOA CHU KANG,808888.0
2505,2023-01-01,CLEMENTI,825000.0
2506,2023-01-01,GEYLANG,828000.0
2507,2023-01-01,HOUGANG,858000.0
2508,2023-01-01,JURONG EAST,798000.0
2509,2023-01-01,JURONG WEST,817000.0
2510,2023-01-01,KALLANG/WHAMPOA,850000.0
2511,2023-01-01,MARINE PARADE,845000.0
2512,2023-01-01,PASIR RIS,845000.0
2513,2023-01-01,PUNGGOL,820000.0
2514,2023-01-01,QUEENSTOWN,838888.0
2515,2023-01-01,SEMBAWANG,760000.0
2516,2023-01-01,SENGKANG,802888.0
2517,2023-01-01,SERANGOON,820000.0
2518,2023-01-01,TAMPINES,856000.0
2519,2023-01-01,TOA PAYOH,805000.0
2520,2023-01-01,WOODLANDS,770000.0
2521,2023-01-01,YISHUN,780000.0
2522,2023-02-01,ANG MO KIO,838000.0
2523,2023-02-01,BEDOK,840000.0
2524,2023-02-01,BISHAN,860000.0
2525,2023-02-01,BUKIT BATOK,830000.0
2526,2023-02-01,BUKIT MERAH,850000.0
2527,2023-02-01,BUKIT PANJANG,805888.0
2528,2023-02-01,BUKIT TIMAH,755000.0
2529,2023-02-01,CENTRAL AREA,788000.0
2530,2023-02-01,CHOA CHU KANG,788888.0
2531,2023-02-01,CLEMENTI,808000.0
2532,2023-02-01,GEYLANG,785000.0
2533,2023-02-01,HOUGANG,860000.0
2534,2023-02-01,JURONG EAST,770000.0
2535,2023-02-01,JURONG WEST,826800.0
2536,2023-02-01,KALLANG/WHAMPOA,850000.0
2537,2023-02-01,MARINE PARADE,838000.0
2538,2023-02-01,PASIR RIS,840000.0
2539,2023-02-01,PUNGGOL,845000.0
2540,2023-02-01,QUEENSTOWN,858000.0
2541,2023-02-01,SEMBAWANG,795000.0
2542,2023-02-01,SENGKANG,862000.0
2543,2023-02-01,SERANGOON,830000.0
2544,2023-02-01,TAMPINES,825000.0
2545,2023-02-01,TOA PAYOH,848000.0
2546,2023-02-01,WOODLANDS,810000.0
2547,2023-02-01,YISHUN,838888.0
2548,2023-03-01,ANG MO KIO,860000.0
2549,2023-03-01,BEDOK,855000.0
2550,2023-03-01,BISHAN,850000.0
2551,2023-03-01,BUKIT BATOK,845000.0
2552,2023-03-01,BUKIT MERAH,860000.0
2553,2023-03-01,BUKIT PANJANG,838000.0
2554,2023-03-01,BUKIT TIMAH,813000.0
2555,2023-03-01,CENTRAL AREA,725000.0
2556,2023-03-01,CHOA CHU KANG,845000.0
2557,2023-03-01,CLEMENTI,858000.0
2558,2023-03-01,GEYLANG,862000.0
2559,2023-03-01,HOUGANG,862000.0
2560,2023-03-01,JURONG EAST,780000.0
2561,2023-03-01,JURONG WEST,820000.0
2562,2023-03-01,KALLANG/WHAMPOA,850000.0
2563,2023-03-01,MARINE PARADE,808000.0
2564,2023-03-01,PASIR RIS,843888.0
2565,2023-03-01,PUNGGOL,835000.0
2566,2023-03-01,QUEENSTOWN,862000.0
2567,2023-03-01,SEMBAWANG,735000.0
2568,2023-03-01,SENGKANG,810057.0
2569,2023-03-01,SERANGOON,856000.0
2570,2023-03-01,TAMPINES,860000.0
2571,2023-03-01,TOA PAYOH,860000.0
2572,2023-03-01,WOODLANDS,810000.0
2573,2023-03-01,YISHUN,818000.0
2574,2023-04-01,ANG MO KIO,853000.0
2575,2023-04-01,BEDOK,850000.0
2576,2023-04-01,BISHAN,838000.0
2577,2023-04-01,BUKIT BATOK,858888.0
2578,2023-04-01,BUKIT MERAH,862000.0
2579,2023-04-01,BUKIT PANJANG,842000.0
2580,2023-04-01,BUKIT TIMAH,810000.0
2581,2023-04-01,CENTRAL AREA,788000.0
2582,2023-04-01,CHOA CHU KANG,800000.0
2583,2023-04-01,CLEMENTI,850000.0
2584,2023-04-01,GEYLANG,840000.0
2585,2023-04-01,HOUGANG,840000.0
2586,2023-04-01,JURONG EAST,855000.0
2587,2023-04-01,JURONG WEST,860000.0
2588,2023-04-01,KALLANG/WHAMPOA,860000.0
2589,2023-04-01,MARINE PARADE,620000.0
2590,2023-04-01,PASIR RIS,850000.0
2591,2023-04-01,PUNGGOL,838000.0
2592,2023-04-01,QUEENSTOWN,855000.0
2593,2023-04-01,SEMBAWANG,740000.0
2594,2023-04-01,SENGKANG,828000.0
2595,2023-04-01,SERANGOON,838000.0
2596,2023-04-01,TAMPINES,858888.0
2597,2023-04-01,TOA PAYOH,860000.0
2598,2023-04-01,WOODLANDS,848000.0
2599,2023-04-01,YISHUN,808000.0
2600,2023-05-01,ANG MO KIO,860000.0
2601,2023-05-01,BEDOK,855000.0
2602,2023-05-01,BISHAN,842000.0
2603,2023-05-01,BUKIT BATOK,835000.0
2604,2023-05-01,BUKIT MERAH,860000.0
2605,2023-05-01,BUKIT PANJANG,800000.0
2606,2023-05-01,BUKIT TIMAH,
2607,2023-05-01,CENTRAL AREA,
2608,2023-05-01,CHOA CHU KANG,785000.0
2609,2023-05-01,CLEMENTI,818000.0
2610,2023-05-01,GEYLANG,850000.0
2611,2023-05-01,HOUGANG,860000.0
2612,2023-05-01,JURONG EAST,680000.0
2613,2023-05-01,JURONG WEST,770000.0
2614,2023-05-01,KALLANG/WHAMPOA,840000.0
2615,2023-05-01,MARINE PARADE,848000.0
2616,2023-05-01,PASIR RIS,848888.0
2617,2023-05-01,PUNGGOL,840000.0
2618,2023-05-01,QUEENSTOWN,850000.0
2619,2023-05-01,SEMBAWANG,708000.0
2620,2023-05-01,SENGKANG,850000.0
2621,2023-05-01,SERANGOON,770000.0
2622,2023-05-01,TAMPINES,828000.0
2623,2023-05-01,TOA PAYOH,744888.0
2624,2023-05-01,WOODLANDS,760000.0
2625,2023-05-01,YISHUN,810000.0
